date,brand,name_product,old_price,new_price,detail
18.06.2020,Brother, MFC, 433, 299,-L8690CDW WiFi Laser/LED Couleur Impression recto verso
19.06.2020,Libratone, TRACK, 274, 199,Air+ Bundle In-Ear Noir ANC
20.06.2020,Devolo, kit ,164, 129, de demarrage WiFi 2-1-2 Magic 1 1200Mbit/s
21.06.2020,Suunto, Gift ,585, 449,Box 9 Baro Red avec bracelet en cuir supplementaire 50mm Polyamide
22.06.2020,Microsoft, 365 ,82, 65,Family 12 Mt 6x Android iOS Windows Mac OS X Windows Mobile Allemand Francais Italien
23.06.2020,Fairphone, 3, 515, 439,64Go Translucide fonc 565 Double SIM + SD 12Mpx 4G
25.06.2020,Samsung, Galaxy , 888, 699,Tab S6 inkl Book Cover Keyboard 1050 128Go rose blush 4G
26.06.2020,Klipsch, T5 ,189, 99,True wireless In-Ear Noir
27.06.2020,Samsung, T7 ,141, 109,Touch portable 500Go
28.06.2020,Lenovo, ThinkCentre ,899, 599,V530s Intel Core i5-9400 16Go 512Go SSD
29.06.2020,Samsung, QE65Q85R  , 1599, 1299,65  4K  One Connect Box  QLED
30.06.2020,Samsung, Galaxy , 1349, 699,S10+ 12GB 1000Go Ceramic White 6.40 Double SIM hybride 16Mpx 4G
01.07.2020,ASUS, VivoBook, 899, 719,17 X712FA-AU461T 1730 Full HD Intel Core i5-10210U 8Go 512Go SSD
03.07.2020, Netatmo, Lot , 319, 239,de 3 detecteurs de fumée intelligents
04.07.2020, Sanihero, Smartphone , 79.90, 59,UV-Sterilizer S1
05.07.2020, Alpine, EZI, 149, 99,DAB-BT
06.07.2020, Philips, 346B1C, 599, 399, 34 3440 1440 pixels
07.07.2020, Samsung, Galaxy, 899, 699,Note10+ 5G (256Go Aura Glow 680 SIM simple 16Mpx 5G)
08.07.2020, Samsung, M471A4G43MB1, 158, 119,CTD (1x 32Go DDR4-2666 SO-DIMM 260 broches)
09.07.2020, Aukey, USB , 45, 25,type C Nylon (lot de 5)
10.07.2020, NewStar, FPMA, 114, 99,-D960D (Tables 27)
11.07.2020, Brother, P-Touch , 89.90, 79,(180dpi)
12.07.2020, Woodcessories, EcoPad , 71.90, 49,(10W)
13.07.2020, Dell, U2719D , 400, 329,(27  2560 x 1440 pixels)
14.07.2020, ASUS,  Ensemble , 370, 279,WiFi 6 (routeur + adaptateur réseau)
15.07.2020, Dell, OptiPlex , 1099, 849,7070 (Intel Core i7-9700 16Go 512Go SSD)
16.07.2020, Soundboks, 3 , 905, 509,(Noir 40h)
17.07.2020, Lenovo, Yoga , 239, 189,Smart Tab 1010 64Go Grey sans LTE
18.07.2020, Lenovo, horloge, 115, 75, intelligente
19.07.2020, Atra, DP18 , 59.90, 39,Wireless Powerbank
20.07.2020, Samsung, QE49Q80T , 1399, 999,49 4K QLED 2020
21.07.2020, Medion, Erazer, 2299, 1899, X15809 1560 Full HD Intel Core i9-9980HK 32Go 1024Go SSD
22.07.2020, EVGA, GeForce , 590, 499,RTX 2070 Super KO Gaming 8Go
23.07.2020, Dell, Vostro ,937, 849, 5490  14  Full HD  Intel Core i7-10510U  16Go  512Go  SSD
24.07.2020, JBL, Under ,179, 99 ,Armour True Wireless Flash  Noir
25.07.2020,FiiO ,M5,129, 99 ,nan
29.07.2020,Kensington ,K38131EU,279, 199, DisplayPort  60W  USB Type-C  USB Type A 
30.07.2020,Epson ,ET-L3150  ,208, 159,EcoTank  WiFi  Reservoir d encre  Couleur
31.07.2020,Papyrus ,Lycra   ,120, 69 ,lot de 3  140-160 x 190-220 cm
01.08.2020,ASUS ,GT-AX11000 ,390, 319,Gaming
02.08.2020,Philips ,TAS6305/00   ,179, 99 ,Noir  20h
03.08.2020,Dji ,Osmo , 348 , 269,Pocket kit Etui de recharge  60p  4K
04.08.2020,AO , CU34G2BK,509,399,nan
05.08.2020,Medion ,Erazer ,1199, 999,Engineer P10 MD34799  Intel Core i5-10400F  16Go  512Go  1To  SSD  HDD
06.08.2020,XQISIT ,Chargeur ,64, 39,de secours premium  20000mAh  18W
07.08.2020,Acer ,Aspire ,599, 479,3  A315-56-59WP  15 60  Full HD  Intel Core i5-1035G1  8Go  256Go  SSD 
08.08.2020, Xtorm, Set , 163, 119,de chargeurs de secours XB303 Voyager & XB300 Hubble (26000mAh 60W)
09.08.2020,Toshiba ,Canvio  ,99, 79 ,Basics  4To
10.08.2020,Samsung , QE55Q60T,  949, 679, (55 4K QLED 2020)
11.08.2020, Logitech, MX, 109, 79,Master 3 (Sans fil)
12.08.2020, Lenovo, Legion , 1699, 1399,T5 28IMB05 (Intel Core i7-10700 16Go 512GO 1To SSD HDD)
13.08.2020,Energizer ,Lot ,  59.7, 34 ,Max Alkaline 40 AA + 20 AAA  60pcs  AA / LR6 / Mignon  AAA / LR03 / Micro
14.08.2020,Dell ,PowerEdge  ,429, 359,T40  Intel Xeon E-2244G  64Go
15.08.2020,L33T ,Elite ,245, 189, V3
16.08.2020,Aukey ,Powerbank  ,90 , 69 ,PB-XD26  26800mAh  45W
17.08.2020,OnePlus ,7T ,729, 599,Pro  8 Go   256Go  Haze blue  6 67  Double carte SIM  48Mpx  4G
18.08.2020,Samsung ,LU28R550UQUXES ,259, 259,28  3840 x 2160 pixels
19.08.2020,Arlo ,Pro ,940, 769,3 VMS4440B Lot de 4  2560 x 1440 pixels  QHD / WQHD 
20.08.2020,Lenovo ,ThinkCentre ,1399, 699,M920t  Intel Core i5-9400  16Go  512Go  SSD
21.08.2020,ASUS,VivoBook ,699, 529,15 X512JA-EJ284T  15 60  Full HD  Intel Core i5-1035G1  8Go  512Go  SSD
22.08.2020,Pure ,Radio-reveil,149, 119,DAB Siesta avec fonction de charge sans fil
23.08.2020,UE ,Double ,115, 69 ,enceinte Wonderboom  Noir  Subzero Blue  10h
24.08.2020,Microsoft ,365 Famille ,82, 65 ,12 Mt   6x  Android  iOS  Windows  Mac OS X  Windows Mobile  Allemand  Français  Italien
25.08.2020, Dell, U3419W ,861, 729,34  3440 x 1440 Pixels
26.08.2020, Logitec, G, 155, 99,G910 Orion Spectrum
27.08.2020,Suunto ,9 Baro ,728, 499,Titanium Edition Ambassador + bracelet silicone  50mm  Polyamide
28.08.2020,Leitz ,IQ ,96, 79,Home Office  Coupe
29.08.2020,SKROSS ,Set ,89, 55,complet  Multi  USB  Multi
30.08.2020,Netgear ,MK62,269, 219,Nighthawk Mesh WiFi 6 System 2er Set
31.08.2020,LG ,HU80KSW ,2499, 1799,Presto  4K  2500lm  4 k lasers  30dB
01.09.2020,Medion ,Erazer ,1499, 1199,Engineer X10 MD34821  Intel Core i7-10700F  16Go  512Go  SSD
02.09.2020,Philips , Moniteur,  579, 399,B-line 345B1C + casque TAPH802
03.09.2020,PNY ,Pro ,34 , 20,Elite microSDXC  microSD  128Go  U3  UHS-I 
04.09.2020,Lexmark ,MC2425adw  ,310, 249,WiFi  Laser/LED  Couleur  Impression recto verso
05.09.2020,Elecjet ,PowerPie ,79, 59 ,P20 Powerbank  20000mAh  45W
06.09.2020,Netatmo ,NWS01-EC,162, 119,nan
07.09.2020,HP ,250 ,799, 549,G7  15 60  Full HD  Intel Core i7-8565U  8Go  256Go  SSD
08.09.2020,Lenovo ,ThinkCentre ,1199, 799,M920q Tiny  Intel Core i5-9400T  16Go  512Go  SSD
09.09.2020, UE, Boom, 109, 69,2 Kool Savas Limited Edition
10.09.2020,Dell ,Server ,749, 599,PowerEdge T140  Intel Xeon E-2124  8Go
11.09.2020,Desinfect, pro, 79 , 59,Set Desinfektion + Screen Shine  100x 
12.09.2020,marantz ,SR7013  ,1399, 999,9 2 canaux  FM  AM
13.09.2020,Microsoft ,Xbox,34 , 29,Game Pass Ultimate 3 mois
14.09.2020,ASUS ,GeForce ,630, 499,RTX 2070S ROG Strix A8G Gaming  8Go 
15.09.2020,Acer ,Aspire ,519, 399,3 A315-23-R8MQ  15 60  Full HD  AMD Ryzen 5 3500U  8Go  512Go  SSD
16.09.2020,ASUS ,RT-AX88U,329, 259,Gaming
17.09.2020,Philips , Ligne,  169, 129,B 241B8QJEB
18.09.2020,digitec, connect ,300, 180,Abonnement mobile 12 mois de frais de base
19.09.2020,JBL ,Casque ,85, 49,sans fil LIVE 400BT  Noir
20.09.2020,Acer ,Aspire ,799, 449,XC-886  Intel Core i5-9400  8Go  512Go  1To  SSD  HDD 
21.09.2020,Lenovo ,ThinkPad ,999, 789,E15  15 60  Full HD  Intel Core i7-10510U  16Go  256Go  SSD
22.09.2020,Microsoft ,365 ,82, 65,Famille  12 Mt   6x  Android  iOS  Windows  Mac OS X  Windows Mobile  Allemand  Francais  Italien
23.09.2020, Acer, RT240Y, 165, 99,nan
24.09.2020,Klipsch ,R-28F , 648 , 399,1 paire  Placage en poly noir 
25.09.2020,Anda, seaT ,289, 209,Dark Demon Black
26.09.2020,Lenovo ,horloge,109, 75 , intelligente
27.09.2020,Lenovo ,ThinkCentre ,899, 649,V530S-07ICR  Intel Core i5-9400  16Go  512Go  SSD
28.09.2020, Sony, WH-1000XM3, 248, 179,nan
29.09.2020, Samsung, Onglet, 590, 499,Galaxie S6
30.09.2020,ASUS ,ZenBook  ,959, 759,14 UM431DA-AM067T  14  Full HD  AMD Ryzen 7 3700U  8Go  1000Go  SSD
01.10.2020,Sony ,Kit ,999, 799,Alpha 6400  16-50mm  24 20Mpx  APS-C DX
02.10.2020,SumUp ,Air ,101, 79,Bundle  Scanner USB  Kit de support 
03.10.2020,Devolo ,Recepteur,89 , 74,ac 
04.10.2020,Philips ,Wake ,149, 99,up Light Relax Breath HF3651 01 
05.10.2020, Dell, U2719D, 374, 299,nan
06.10.2020, Lenovo, V15, 599, 449,15.60 Full HD Intel Core i5 8265U 8Go 256Go SSD
07.10.2020, Dji, Osmo, 269, 199,Action 60p 4k
08.10.2020, HP, 477dw, 467, 309,PageWide Pro
09.10.2020,Varta,LCD ,50.90 , 35,Plug Charger+ incl  4x AA & 4x AAA  Piles rechargeables + chargeur  8pcs  AA  AAA  1000mAh
10.10.2020,Tp-Link,Archer , 99, 25 ,MR600
11.10.2020,HP,PC ,799, 499,ProDesk 600 G5 SFF  Intel Core i5 9500  8Go  256Go  SSD
12.10.2020,OnePlus,8,899, 799, Pro  8 Go   128Go  Onyx Black  6 78  Double carte SIM  48Mpx  5G
13.10.2020,Samsung,A+,199, 139,nan
14.10.2020,Aukey,Powerbank,64, 35,PB XD13  20000mAh  18W
15.10.2020,Epson,ET ,289, 219,L5190 EcoTank  WiFi  Reservoir d encre  Couleur
16.10.2020,Aukey,Webcam,89, 59,Pro 1080 w ClipOn base
17.10.2020,BlueLounge,CableBox ,43.90, 29,Large  39 80cm
18.10.2020,Xtorm,Chargeur , 145, 88,solaire 10'000mAh 21W
19.10.2020,BenQ, type,169, 129, A
20.10.2020,Samsung,Galaxy ,749, 549,Note 10  256Go  Aura Glow  6 30  Double carte SIM  16Mpx  4G
21.10.2020,Acer,Predator, 1699, 1399,Orion 3000 PO3 620  Intel Core i7 10700  16Go  512Go  1To  SSD  HDD
22.10.2020,LaCie,USB ,174, 139,C robuste  5To
23.10.2020,Sony,Cyber ,499, 379,shot DSC RX100 III  24 70mm  20 10Mpx  1
24.10.2020,Google,Nid,201, 169,de routeur WiFi
25.10.2020,Samsung, Evo, 86.10, 79,microSDXC 512GB U3 UHS-I
26.10.2020,HP,EliteBook ,949, 699,830 G6  13 30  Full HD  Intel Core i5 8265U  16Go  256Go  SSD
27.10.2020,Microsoft,office,61,49,365
28.10.2020,Ubiquiti,UniFi ,379,329,UAP-AC-Lite-5 - 5er-Set
29.10.2020, Jabra, Evolve, 265, 189, UC Duo 75
30.10.2020,Nikon,Z,1663, 1449,5 Kit
01.11.2020,Hama, Universal, 99.90, 60, Power Pack Powerbank 26800mAh 60W9
02.11.2020, HP, Envy13 , 1259, 959,13.30 full hd i7-10510U 16go 512 ssd
03.11.2020, Lenovo, ThinkCentre , 999, 699,m920t i-5-9400 16 go 512 ssd
04.11.2020, Denver, Frameo , 90.60,69,PFF-1010
05.11.2020,Synology, DS420, 509, 429,nan
06.11.2020,Netgear, Set , 587,419,Wifi mesh RBK53S Orbi Armor
07.11.2020,Joby,Influencer,179,129, Social Media Premium Vlogging Starter Kit
08.11.2020,Philips,Hue ,141,119,Being Basic BT
09.11.2020,AOC,G12VXA, 189, 129,24 inch
10.11.2020,Brother,P Touch ,102,79,Cube Plus (180dpi)
12.11.2020,Lexmar,MC2535adwe ,457,319,WiFi LaserLED Couleur Impression recto verso
13.11.2020,Alpine, EZI-DAB, 145, 99,BT
14.11.2020, Urbanista, London, 149, 99,nan
15.11.2020,OtterB,Batterie ,89,44,de secours exterieure + LifeProof cable A-C USB /Lanyard 04m 20000mAh 24W
16.11.2020, ASUS,ROG, 1799, 1349,G15CK-CH006T Intel Core i7 10700KF 16Go 1000Go 1To SSD HDD
17.11.2020, Samsung,Galaxy , 643, 359,Note 10 Lite 128Go aura rouge 6.70 Double carte SIM 12Mpx 4G
18.11.2020, GoPro, Max , 454, 379,60p full hd
19.11.2020, Acer, Aspire , 599, 449,3  A3155659WP 15 60 Full HD Intel Core i5 1035G1 8Go 256Go SSD
20.11.2020,Ring,camera ,265,199,de projecteurs (1920 x 1080 pixels (Full HD))
21.11.2020,Zendure,SuperPort,99,79, 4 Charger 2x USB-C & 2x USB-A (100W Power Delivery)
22.11.2020,Teufel,Airy,159,119,nan
23.11.2020,Sandis,Extreme ,409,299,Pro Type B (CFexpress type B 256Go)
24.11.2020,Belkin ,boitier ,79,54,de desinfection UV avec recharche sans fil (10W)
25.11.2020,Samsung,Galaxy ,762,599,S10+ 128Go Silver 640 Double SIM hybride 16Mpx 4G
26.11.2020,Reolink,Argus ,385,279,PT GO avec panneau solaire et memoire de 16 Go 1920 x 1080 pixels
28.11.2020,Panasonic, TX-55hzc2004,2399,1999,nan
29.11.2020,Acer,Nitro ,1699,1199,5 AN5155571US 1560 Full HD i7 10750H 16Go 1000Go SSD
01.12.2020, Ultimaker, 3, 3784, 2899,nan
02.12.2020, Bose, Headphones, 349, 249,700
03.12.2020,Xiaomi,Mi , 1499, 1199,Laser 150
04.12.2020,Microsoft, Surface , 1094, 899,Pro7 12 Core i5 10354G4
05.12.2020, tolino,  vision , 258, 189,5  housse Origami  carte cadeau de 30 CHF
06.12.2020, HP, Sprocket, 133, 89,Select
07.12.2020, 4smarts, Powerbank , 159, 89,VoltHub Graphene 100W 20000mAh 160W
08.12.2020, Raspberry, Pi, 139, 99,Kit Basic 4 8G HDMI  SD 16 Go incl
09.12.2020, Logitech, G , 159, 89,G910 Orion Spectrum
10.12.2020, Seagate, Backup, 118, 99,Plus Portable Drive
11.12.2020, Asus, ZenBook, 1199, 999, Flip 14
12.12.2020, JBL, Boombox, 319, 249,nan
13.12.2020, Apple, Magic, 448, 359,Keyboard
14.12.2020, LG, OLED55BX, 999, 899,55 4k 2020
15.12.2020, Samsung, Galaxy, 879, 679,S20 5g 128go white 6 20
16.12.2020, Oculus, Rift, 549, 379,S
17.12.2020, Microsoft, 365, 159.80, 119,Family fur 24 mois
18.12.2020, AOC, C27G2U, 269, 199, full hd
19.12.2020, Lenovo, Ideapad , 799, 579,IdeaPad S145-15IIL
20.12.2020, Philips, Hue , 78.60, 69,e27 2x
21.12.2020, Arlo, Ultra , 1149, 919,VMS5440 set de 4
22.12.2020, Sony, Xperia, 1099, 899,1 II 256go 6 50
23.12.2020, Joule, Force, 1799, 1399, Nuke RTX2070S II7 i7 10700f 16go 1000go ssd
24.12.2020, digitec, connect, 300, 180, abonnement mobile
25.12.2020,Tp-Link,Archer,128,99,MR400
26.12.2020,Ringc,Video ,229,149,Doorbell 3 (WiFi)
27.12.2020, Energizer, Max, 59.70, 33, Alkaline set 40 AA + 20 AAA
28.12.2020, LG, OLED55GX6 , 1699, 1499,55 4K OLED 2020
29.12.2020, Arlo, Pro , 1086, 849,3 4er-Set + Video Doorbell
30.12.2020, Logitech, Craft, 153, 99,nan
31.12.2020, Asus, Vivo, 949, 699,Aio V27uak-ba1127
01.01.2021, Lifix, set , 89, 89,3 ampoules
02.01.2021, Zendure, A8, 153, 99,SuperTank 27000mAh 100w
03.01.2021, Samsung, Odyssey , 1519, 1099,G9 LC49G95TSSUXEN 49 5120 x 1440 pixels
12.01.2021, Samsung, Galaxy , 1121, 849,S20 Ultra 5G
13.01.2021, Onyx, Boox , 779, 679,Max3 13 3 pouces 64go
14.01.2021, Xtorm, SolarBooster , 194, 129,21W + Outdoor Powerbank 10000 mAh
15.01.2021, Nuki, Barillet , 299, 239,Smart Lock 2.0 CH + Keypad
16.01.2021, Urbanista, London, 130, 89,nan
17.01.2021, Acer, Nitro , 219, 149,QG271bii 27 1920 x 1080 pixels
18.01.2021, Apple, MacBook , 1110, 999,Air 2020 i5 16go 256ssd
19.01.2021, Samsung, 860, 519, 419, Evo Basic 4000go
20.01.2021, Samsung, Powerbank,  79.90, 49,EB-P5300XJ avec cable USB C-C
21.01.2021, TI, Nspire, 152, 119,CX II-T CAS
22.01.2021, Jabra, Evolve , 221, 159,75 UC Duo (Sans fil)
23.01.2021, ASUS, ROG, 124, 99,STRIX B450-F GAMING II
24.01.2021, ASUS, ROG, 2199, 1699,Zephyrus G14 GA401IV-HA168T 14 QHD AMD Ryzen 9 4900HS 16Go 1000Go SSD
25.01.2021, Nokia, 8.3, 683.50, 499,avec Power Earbuds BH-605 128Go Polar Night 6.81 Double SIM hybride 64Mpx 5G
26.01.2021, Samsung, T5 , 122, 99,portable (1000Go)
27.01.2021, Aukey, PA-T14 , 40.80, 29,chargeur 42w
28.01.2021, Brother, ADS-2700W, 329, 259,nan
29.01.2021, Jabra, Speak , 99, 79,4
30.01.2021, Bosign, Boite , 56, 40,a cable XL Hideaway
31.01.2021, tolino, Shine, 145, 109,nan
01.02.2021, digitec, connect, 300, 180,Bon abo mobile pour 12 mois de frais de base
02.02.2021, Samsung, Galaxy , 920, 699,Note 20 256Go Mystic Gray 6 70 Double carte SIM 12Mpx
03.02.2021, HP, Spectre , 1618, 1399,13 x360 1330 DHU Intel Core i7-1065G7 16Go 1000Go SSD
04.02.2021, Roccat, Vulcan, 170, 119, 121 AIMO CH Cable
05.02.2021,AVM,Set ,189,149,FRITZ!Mesh  FRITZ!Box 7530 + FRITZ!Repeater 1200 International
06.02.2021,Manfrotto,Element Travveller S,144,119,nan
07.02.2021,DXRacer,Gaming Desk mask 2,259,219,nan
08.02.2021,Lenovo,Yoga,849,699,nan
10.02.2021,Devolo,Kit,255,189,nan
11.02.2021,Suunto,9,728,499,nan
12.02.2021,SteelSerie,Aerox,99.70,79,nan
13.02.2021,BlueLounge,CableBox,43.80,29,nan
14.02.2021, Belkin, Chargeur sans fil 3, 120, 98,nan
15.02.2021,Samsung,QE65Q90T,1724,1399,nan
16.02.2021,Acer, Nitro, 1199,999,nan
17.02.2021,Sandisk,Extreme 128go,39,29,nan
18.02.2021,Adobe,Creative,149,99,nan
19.02.2021,Rexel,Destructe,147,99,nan
20.02.2021,Lenovo,horloge,108,69,nan
21.02.2021,Netgear,Hotspot,355,299,nan
22.02.2021,Samsung,Galaxy S20 FE 5G 128Go, 692,579,nan
23.02.2021,Arlo,Ultra,1046,899,nan
24.02.2021,Acer,RT240Y,166,109,nan
25.02.2021,Corsair,K100,270,219,nan
26.02.2021,Dell,OptiPlex,769,499,nan
27.02.2021,Aukey,USB,39,24,nan
28.02.2021,Microsoft,Flight,129,99,nan
01.03.2021,Samsung,Galaxy,1126,819,nan
02.03.2021,Huawei, MateBook X Pro,1299, 999,nan
03.03.2021,Tp-Link,Archer,130,99,nan
04.03.2021,Acer,Aspire,699,499,nan
05.03.2021,Aukey,PB,64,39,nan
06.03.2021,Kodak,Smartphone,113,89,nan
07.03.2021,Netgear,Prolongateur,168,119,nan
08.03.2021,Dell,XPS,1799,1499,nan
09.03.2021,LaCie,Rugged,162,139,nan
10.03.2021,Epos,GSP,209,129,nan
11.03.2021,Canon,EOS,1027,845,nan
12.03.2021,Samsung,Evo,46.50,36,nan
13.03.2021,Lenovo,Tab,129,95,nan
14.03.2021,IT,Dusters,78.40,50,nan
15.03.2021,Samsung,QE,2889,2399,nan
16.03.2021,Dell,U2719D,389,299,nan
17.03.2021, Suunto, 9, 581, 439,nan
18.03.2021,ASUS,VivoBook, 799, 599,nan
19.03.2021,Arlo,Pro,699,489,nan
20.03.2021,NewStar,Poste,193,129,nan
21.03.2021,Elecjet,PowerPie,67,45,nan
22.03.2021,Logitech,Ergonomic,199,149,nan
23.03.2021, HP, ENVY, 82.20, 69,nan
24.03.2021,HP,ProDesk,849,499,nan
25.03.2021,mophie,Station,99,79,nan
26.03.2021,ASUS,ROG,201,169,nan
27.03.2021,Canon,PIXMA,301,249,nan
28.03.2021,Olympus,Le,388,325,nan
29.03.2021,HP,ProBook,1099,799,nan
31.03.2021,Lenovo,V50s,649,399,nan
01.04.2021,SumUp,Lecteur,111,89,nan
02.04.2021,Anda,seaT,399,299,nan
04.04.2021,Powertraveller,Chargeur,183,129,nan
05.04.2021,Canon,EOS,1020,829,nan
06.04.2021,Lenovo,IdeaCentre,899,599,nan
07.04.2021,Aftershokz,Opencomm,199,139,nan
08.04.2021,BASUS,PB278QV,299,199,nan
09.04.2021,PNY,Pro, 92.20,63,nan
10.04.2021,Netgear,RAX70,289,239,nan
11.04.2021,Anda,seaT,399,299,nan
12.04.2021,ASUS,ROG,162,99,nan
13.04.2021,Philips,498P9,969,699,nan
14.04.2021, Razer, Naga, 103, 69,nan
15.04.2021, Norton, 360, 33.90, 20,nan
16.04.2021, Samsung, USB, 59.80, 36,nan
17.04.2021, Klipsh, R-620F, 618, 449,nan
18.04.2021, Bosign, Boite, 39.30, 27,nan
19.04.2021, Energizer, Maxirecharge, 30, 30,nan
20.04.2021,Brother,Scanner,459,379,nan
21.04.2021,Thule,Crossover,97.30,59,nan
22.04.2021,ASUS,C3,79,49,nan
23.04.2021, Brother, Mobile, 546, 399,nan
24.04.2021,Lian,Li,175,149,nan
25.04.2021,Meural,MC,369,284,nan
26.04.2021,LG,HU,2159,1699,nan
27.04.2021,SteelSeries,Arctis,329,269,nan
28.04.2021,Nuki,Barillet,309,239,nan
29.04.2021,Adobe,Creative,149,99,nan
30.04.2021,Xtorm,XB,159,129,nan
01.05.2021,Samsung,HW,249,199,nan
02.05.2021,NewStar,FPMA,125,99,nan
03.05.2021,Samsung,Odyssey,573,399,nan
04.05.2021,Dell,Vostro,999.99,729,nan
05.05.2021,Sony,Alpha,1628,1199,nan
06.05.2021,Formuler,Z8,142,113,nan
07.05.2021,Apple,iPhone,765,699,nan
08.05.2021,Corsair,HS,199,139,nan
09.05.2021,Arozzi,Arena,357,289,nan
10.05.2021,digitec,connect,300,180,nan
11.05.2021,Samsung,Galaxy,669,549,nan
12.05.2021,Acer,Swift,899,749,nan
13.05.2021,Sandisk,ExtremePro,204,149,nan
14.05.2021,Ergotron,Bras,151,119,nan
15.05.2021,Sandisk,Ultra,88,63,nan
16.05.2021,One,for,210,169,nan
17.05.2021,Apple,MacBook,1499,1349,nan
18.05.2021,Jabra,Elite,95.70,69,nan
19.05.2021,Lenovo,ThinkPad,1789,1499,nan
20.05.2021,Collective, Minds, 80.80, 59.90,nan
21.05.2021,Brother,QL,185,139,nan
22.05.2021,Netatmo,Detecteur,379,249,nan
23.05.2021,Dell,Latitu,939,599,nan
24.05.2021,Sony,KE,1099,749,nan
25.05.2021,EAOC,27G2AE,285,179,nan
26.05.2021,Lenovo,Tab,599,499,nan
27.05.2021,Creality,CR,453,379,nan
28.05.2021,Acer,K272HLE,179,99,nan
29.05.2021,Logitech,G,199,169,nan
30.05.2021,Devolo,Kit,299,219,nan
31.05.2021,Logitech,MX,95,69,nan
01.06.2021,Apple,Watch,415,365,nan
02.06.2021,Xgimi,Projecteur,666,549,nan
03.06.2021,Xiaomi,Mi,335,269,nan
04.06.2021,Panasonic, Set, 40.20, 29,nan
05.06.2021,Astro,Gaming,319,219,nan
06.06.2021,OPPO,Watch,246,199,nan
07.06.2021,ASUS,VivoBook,999,799,nan
08.06.2021,Sony,Cyber,1199,949,nan
09.06.2021,ASUS,Zenfone,769,669,nan
10.06.2021,Urbanista,Stockholm,62.30,44,nan
11.06.2021,Netgear,Systeme,299,239,nan
12.06.2021,Xqisit,Powerbank,89,59,nan
14.06.2021,Apple,iPad,589,529,nan
15.06.2021,Samsung,T7,88,59.50,nan
17.06.2021,Philips,Hue,120,99,nan
18.06.2021,B&O,BeoPlay,299,288 ,nan
19.06.2021,Zoom,Audiorecorder,148,119,nan
20.06.2021,Netgear,Hotspot,349,299,nan
21.06.2021,ASUS,VP,274,199,nan
22.06.2021,Samsung,Evo,79,59,nan
23.06.2021,Dji,Gimbal,123,75,nan
24.06.2021,Samsung,SmartTag,49.90,39,nan
25.06.2021,Norton,Premium,55,29,nan
26.06.2021,Aukey,Omnia,64,49,nan
27.06.2021,tolino,Shine,168.90,134,nan
28.06.2021,AOC,C24G2U,249,149,nan
29.06.2021,Jabra,Evolve,157,129,nan
01.07.2021,Bowers,Wilkins,302,229,nan
02.07.2021,Philips,Hue,82.40,64,nan
03.07.2021,Razer,BlackWidow,159,119,nan
04.07.2021,Suunto,Titanium,499,349,nan
06.07.2021,Dell,Vostro,999,729,nan
07.07.2021,Crucial,X6,509,379,nan
08.07.2021,Rexel,Déchiqueteuse,254,199,nan
09.07.2021,Philips,Somneo,209,159,nan
10.07.2021,Nuki,Essential,259,199,nan
11.07.2021,Corsair,K100,259,199,nan
12.07.2021,Samsung,QE,640,499,nan
13.07.2021,Bose,SoundSport,142,89,nan
14.07.2021,Joule,Performance,415,299,nan
15.07.2021,Joule,Performance,3999,3399,nan
16.07.2021,Arlo,Set,741,499,nan
17.07.2021,Canon,Boitier,1059,789,nan
18.07.2021,Energizer,Set,39.80,29,nan
19.07.2021,Samsung,U28E590D,289,199,nan
20.07.2021,Adobe,Creative,149,99,nan
21.07.2021,Crucial,Ballistix,97,69,nan
22.07.2021,IT,Dusters,78.40,50,nan
23.07.2021,ASUS,ZenWiFi,419,329,nan
24.07.2021,Tile,Essentials,79,55,nan
25.07.2021,Sony,WF,133,89,nan
27.07.2021,Acer,Swift,549,429,nan
28.07.2021,DXRacer,Drifting,357,229,nan
29.07.2021,Devolo,Kit,299,219,nan
30.07.2021,Sony,Cyber,419,319,nan
31.07.2021,Xtorm,Chargeur,45.60,35,nan
04.08.2021,Sandisk,Extreme,58.70,44,nan
05.08.2021,Desinfect,pro,243,199,nan
06.08.2021,Netgear,Nighthawk,279,199,nan
07.08.2021,Canon,Imprimante,115,89,nan
08.08.2021,Sony,h,195,139,nan
09.08.2021,Apple,iPhone,1019,849,nan
10.08.2021,Acer,Nitro,285,179,nan
11.08.2021,Apple,MacBook,1649,1299,nan
12.08.2021,ASUS,ROG,275,229,nan
13.08.2021,Sony,Kit,1049,777,nan
14.08.2021,Brother,MFC,327,259,nan
15.08.2021,BlueLounge,CableBox,41.90,29,nan
16.08.2021,Captiva,R59,4699,3999,nan
17.08.2021,Panasonic,Kit,64.50,45,nan
18.08.2021,Microsoft,Office,149,74,nan
19.08.2021,Kingston,A2000,104,79,nan
20.08.2021,Razer,Basilic,169,119,nan
21.08.2021,Canon,EOS,1180,949,nan
22.08.2021,Linksys,Velop,456,249,nan
24.08.2021,ASUS,VivoBook,899,699,nan
25.08.2021,SumUp,Terminal,175,119,nan
26.08.2021,Acer,Nitro,1599,1299,nan
27.08.2021,Samsung,Evo,23,15,nan
28.08.2021,DXRacer,Gaming,323,219,nan
29.08.2021,Devolo,Répétiteur,87,65,nan
31.08.2021,Logitech,G,263,219,nan
01.09.2021,Sandisk,Ultra,175,119,nan
02.09.2021,Sony,Kit,469,379,nan
03.08.2021,TP-Link,Deco,399,239,nan
04.09.2021,Dji,Gimbal,119,75,nan
05.09.2021,Netgear,Système,639,459,nan
06.09.2021,Razer,Chaise,499,399,nan
07.09.2021,Apple,iPhone,529,475,nan
08.09.2021,Joule,Performance,3549,2999,nan
09.09.2021,AOC,AGON,599,299,nan
10.09.2021,Nintendo,Mario,93.20,74,nan
11.09.2021,Deltaco,GAM,231,199,nan
12.09.2021,Lenovo,Smart,73.20,55,nan
13.09.2021,Sony,KE,905,599,nan
14.09.2021,Corsair,RM,115,79,nan
15.09.2021,Apple,MacBook,1679,1479,nan
16.09.2021,Seagate,Game,75,56,nan
18.09.2021,PNY,PRO,46.10,33,nan
19.09.2021,Logitech,Keys,62.60,42,nan
20.09.2021,Sony,Cyber,506,379,nan
21.09.2021,Apple,iPhone, 759, 709 ,nan
22.09.2021,ASUS,ZenBook,1199,949,nan
23.09.2021,Nuki,Barillet,309,239,nan
24.09.2021,Acer,Nitro,269,189,nan
25.09.2021,Anycubic,i3,281,219,nan
26.09.2021,Norton,Deluxe,48,20,nan
27.09.2021,Samsung,Portable,82,53,nan
28.09.2021,Sony,KE,1523,1199,nan
29.09.2021,Sony,WH,399,269,nan
30.09.2021,Samsung,LS,399,289,nan
01.10.2021,Netgear,Hotspot,359,279,nan
02.10.2021,EcoFlow,Centrale,706,555,nan
03.10.2021,Thunr,X3,196,149,nan
04.10.2021,Samsung,QE,1064,899,nan
05.10.2021,Dell,Vostro,949,799,nan
06.10.2021,Arlo,Pro,849,669,nan
07.10.2021,Sandisk,Extreme,195,159,nan
08.10.2021,AOC,27G2U,265,165,nan
09.10.2021,Vitesse,NE,199,119,nan
10.10.2021,GoCrucial,MX,105,79,nan
11.10.2021,Dell,UltraSharp,669,529,nan
13.10.2021,ASUS,ZenBook,1299,999,nan
14.10.2021,Dell,OptiPlex,921,749,nan
15.10.2021,Bowers,Wilkins,314,219,nan
16.10.2021,Denon,Barre,869,629,nan
17.10.2021,Philips,Hue,152,119,nan
18.10.2021,Acer,Nitro,1599,1299,nan
19.10.2021,Samsung,Evo,37,30,nan
21.10.2021,Xqisit,OE,99,60,nan
22.10.2021,Brother,ADS,317,255,nan
23.10.2021,RODE,Wireless,169,129,less GO Vidéographie champ dapplication
24.10.2021,UE,Boom,183,111,3
25.10.2021,Logitech,MX,89,69,3 Sans fil
27.10.2021,Energizer,Recharge,46.60,29.90,Maxi Kit (piles rechargeables + chargeur 8pcs AA AAA 2000mAh)
28.10.2021,Thunder,X3,202,139,Yama1
30.10.2021,LG,Wing,849,699,128 Go Aurora Gray 6.80  Double SIM hybride 64 Mpx 5G
31.10.2021,Beosound,Stage,1326,1099,bluetooth WiFi Airplay 2 multipaires
01.11.2021,ASUS,ZenBook,1899,1499,S 13.90  Intel Core i7-1165G7 16 Go 1000 Go
02.11.2021,LG,UltraGear,249,179, 27GN600-B 27  1920 x 1080 pixels
03.11.2021,Varta,Longlife,37.80,22.90,Power set (48 pcs AAA / LR03 / Micro / AA / LR6 / Mignon)
04.11.2021,Joule,Performance,427,299,Raid Alcantara23223200:00:00
05.11.2021,Samsung,Bar,44,27,Plus V1 2x Bundle 64 Go USB Type A 3.0 3.1
06.11.2021,realme,GT,341,279,Master 128 Go Cosmos Black 6.43  Double SIM 64 Mpx 5G
07.11.2021,Moleskine,Smart,160,129,Writing Set Ellipse A5 rayures PointillÃ©s couverture rigide
08.11.2021,Acer,Nitro,1599,1349,50 Intel Core i7-11700F 16 Go 1024 Go SSD
09.11.2021,TP,Link,25.90,18,TL-SG105 5 Ports
10.11.2021,Targus,DV,229,189,4K universel 2 x HDMI 2 x DisplayPort 60 W USB Type A USB C
13.11.2021,Kingston,XS,268,229,2000 2000 Go
14.11.2021,Pure,Evoquer,249,199,C-D4 DAB+ DAB FM Bluetooth
15.11.2021,Acer,Nitro,1199,899,5 15.60  Intel Core i5-11400H 16 Go 1000 Go
16.11.2021,Logitech,brio,199,139,stream 8.80 Mpx
17.11.2021,ToWD,Elements,338,259,Desktop 14 To
18.11.2021,QNAP,TS,655,489,-451+-8G 0 To
19.11.2021,Samsung,LS,259,159,27AM500NRXEN 27  1920 x 1080 pixels
20.11.2021,Netgear,Système,464,349,mesh Orbi WiFi 6 AX4200 RBK752
21.11.2021,Energizer,Ultimate,47.60,35.90,Lithium 20er Set (20Stk AA / LR6 / Mignon) 
22.11.2021,Dell,UltraSharp,413,319,U2722D 27  2560 x 1440 pixels
23.11.2021,Microsoft,Xbox,303.90,259,Series S + Game Pass Ultimate 3 mois100:00:00
24.11.2021,Dell,Latitu,1264,929,de 5520 15.60  Intel Core i5-1135G7 16 Go 256 Go
25.11.2021,Rode,videoMic, 179,139,Pro R
27.11.2021,Zoom,H5,238,199,portable
28.11.2021,MSI,MPG,156,99,X570 Gaming Plus AM4 AMD X570 ATX
30.11.2021,MSI,Delta,1849,1499,15 15.60  AMD Ryzen 9 5900HX 16 Go 1000 Go
26.12.2021,ASUS,ROG,2244,1799,Zephyrus G14 14  AMD Ryzen 9 5900HS 32 Go 1000 Go
28.12.2021,Varta,LCD,42.70,29.90,Plug Charger kit (8pcs AA et AAA 100mAh piles et chargeur)
29.12.2021,Microsoft,Office,279,199,Famille et Petite Entreprise 2021 (Illimité 1
30.12.2021,Acer,Aspire,749,599,5 15.60  AMD Ryzen 5 5500U 16 Go 512 Go
31.12.2021,Apple,iPhone,999,889,11 Pro 256 Go Gris sidéral 5.80  SIM + eSIM 12 Mpx 4G
01.01.2022,Aukey,Pro,55,25,2 Mpx
02.01.2022,Xtorm,USB,83.80,59,Charger XA031 Travel Bundle 65 W Quick Charge 3.0 Power Delivery 3.0
03.01.2022,Acer,Nitro,267,169,VG272P 27  1920 x 1080 pixels
04.01.2022,Dell,Latitude,1199,899,3420 14  Intel Core i5-1145G7 16 Go 512 Go
05.01.2022,Nextbase,GW,341,259,récepteur GPS 4K
06.01.2022,smarts,VoltHub,138,95,20000 mAh 160 W
07.01.2022,Energizer,Max,59.70,32.90,Alkaline Set (60 pcs AAA AA)
08.01.2022,Samsung,Galaxy,620,539,S20 FE 5G EU 128 Go Cloud Navy 6.50  Double SIM hybride 12 Mpx 5G
11.01.2022,ASUS,ROG,2945,2299,Strix SCAR 17 17.30  AMD Ryzen 9 5900HX 16 Go 1000 Go
12.01.2022,L33T,Energy,200,149,nan
13.01.2022,HP,Victus,999,799,16.10  AMD Ryzen 5 5600H 16 Go 512 Go
14.01.2022,Rolling,Square,36.90,24.90,inCharge X6 0.07 m
15.01.2022,Devolo,Répétiteur,73,49,WiFi 5 1200600:00:00
16.01.2022,Blue,Yeti,120,99,Studio Broadcast home studio Vidéographie baladodiffusion
17.01.2022,Acer,Aspire,899,699,5 15.60  AMD Ryzen 7 5700U 16 Go 1000 Go
18.01.2022,Dell,P2422H,239,189,24  1920 x 1080 pixels
19.01.2022,prolongation,garantieEpson,,399,ET-5170 EcoTank Réservoir dencre Couleur
20.01.2022,Samsung,Galaxy,999,888,Z Flip3 5G CH 256 Go Phantom Black 6.70  SIM + eSIM 12 Mpx 5G
21.01.2022,Microsoft,Casque,85.10,65,sans fil moderne Sans fil
22.01.2022,Netatmo,Sonnette,305,235,vidéo connecter WiFi
23.01.2022,Bose,Sleepbuds,237,189,II8400:00:00
24.01.2022,LG,HU,2095,1689,80KSW Presto 4K 2500 lm 4k Enhanced Laser 30 dB
25.01.2022,Acer,Nitro,1599,1299,N50 Intel Core i7-11700F 16 Go 1024 Go SSD
26.01.2022,Netgear,RAX,399,239,120 Nighthawk
27.01.2022,Norton,360,48.40,29,Deluxe (15 Mt. 5x Android iOs Windows Mac version complète)
28.01.2022,Canon,PIXMA,61.60,35,TS3450 Encre Couleur
29.01.2022,Aftershokz,OpenMove,99,66,nan
30.01.2022,Noxon,Jura,262,199,webradio DAB+ DAB WiFi Bluetooth
31.01.2022,ASUS,ZenBook,1299,949,13 13.30  Intel Core i7-1165G7 16 Go 512 Go
01.02.2022,Samsung,Portable,138,109,T7 Touch (1000 GB)
03.02.2022,Sandisk,Nintendo,50.90,39,Switch microSDXC 256 Go U3 UHS-I
04.02.2022,MSI,Katana,1599,1299,GF76 17.30  Intel Core i7-11800H 8 Go 512 Go
05.02.2022,IT,Dusters,78.40,50,CompuCleaner Xpert
06.02.2022,Drift,DR,309,229,nan
07.02.2022,Samsung,HW,970,699,-Q950T 1 x 546 W
08.02.2022,Sony,OLED,1451,999,XR55A80J 4K OLED 2021 55 
09.02.2022,Logitech,G,109,79,G502 Lightspeed Sans fil
10.02.2022,BenQ,PD,713,579,3200U 3840 x 2160 pixels 32 
11.02.2022,Vitesse,Ultimate,119,79,491 NE-1160 111
12.02.2022,King,Controller,260,209,Gachette numérique et bumper PS5
13.02.2022,RODE,Wireless,163,129,GO Vidéographie champ dapplication
14.02.2022,Samsung,LU,369,249,28R550UQRXEN 3840 x 2160 pixels 28 
15.02.2022,Acer,Aspire,549,439,3 15.60  Intel Core i3-1115G4 8 Go 256 Go
16.02.2022,Samsung,Galaxy,979,777,S21+ 256 Go Phantom Black 6.70  Double SIM 12 Mpx 5G
17.02.2022,Arlo,Ultra,953,639,2 VMS5440B-200EUS 4er-Set 3840 x 2160 pixels
18.02.2022,Canon,Imprimante,125,89,photo mobile Zoemini Thermodirecte Couleur
19.02.2022,Philips,TAT,121,49,8505 ANC
20.02.2022,Pure,Evoke,399,299,C-F6 webradio DAB+ DAB WiFi Bluetooth
21.02.2022,Adobe,Creative,149,99,Cloud Photography Plan 20 go
22.02.2022,Intel,Core,629,479,i9-12900K LGA 1700 3.20 GHz 16 -Core
23.02.2022,HP,ProBook,934,699,455 G8 15.60  AMD Ryzen 7 5800U 16 Go 512 Go
24.02.2022,Crucial,X6,125,85,1000go
25.02.2022,Brother,HL,289,249,L5100dn Laser/LED Noir et blanc
26.02.2022,Wacom,Intuos,179,109,M USB 2540 lpi
27.02.2022,Urbanista,Los,164,119,Angeles ANC
28.02.2022,Apple,MacBook,1499,1299,Air Late 2020 13.30  M1 16 Go 512 Go
01.03.2022,Apple,iPhone,789,738,12 128 Go Noir 6.10  SIM + eSIM 12 Mpx 5G
02.03.2022,Dji,FPV,1179,959,Combo 20 min 795 g 12 Mpx
03.03.2022,Samsung,The,3277,2599,Premiere LSP7 120 pouces 4K 2200 lm WiFi Laser 32 dB
04.03.2022,Crucial,Laptop,152,109,Memory 1 x 32GB DDR4-3200 SO-DIMM 260 broches
05.03.2022,AOC,CU,619,449,34G3S/BK 3440 x 1440 pixels 34 
06.03.2022,Philips,Hue,133,99,White & Color Ambiance BT kit de démarrage E27 6.50 W
07.03.2022,Lenovo,ThinkPad,949,699,E14 Gen 2 14  AMD Ryzen 7 4700U 16 Go 1000 Go
09.03.2022,Arozzi,Arena,299,259,14300:00:00
10.03.2022,Aukey,Sprint,95,75,Ultra 26800 mAh 65 W
11.03.2022,Canon,Boitierr,899,749,EOS RP 26.20 Mpx Plein format
12.03.2022,Polaroid,Hi,92,75,-Print 2x3 Pock Thermodirecte Couleur
13.03.2022,Teufel,Soixante,326,259,webradio DAB+ DAB Bluetooth
14.03.2022,Sony,OLED,1283,949,KE-48A9 4K OLED 2020 48 
15.03.2022,Dell,Latitu,799,599,de 3520 15.60  Intel Core i5-1135G7 8 Go 256 Go
16.03.2022,Acer,Nitro,262,179,VG272S 1920 x 1080 pixels 27 
17.03.2022,Crucial,50,233,169,/1ToCrucial X8 2000 Go
18.03.2022,Dji,Action,364,289,2 Power Combo 120p 4K
19.03.2022,CoreParts,W126091221,75,59, chargeur de batterie Lithium 20000mAh 65w
20.03.2022,Energizer,Recharge,52.40,29.90,Maxi Kit 8 pcs AA AAA 2000mAh + piles + chargeur
21.03.2022,Apple,Watch,449,385,Series 7 45mm Alu
22.03.2022,ASUS,VivoBook,799,529,14 14  Intel Core i5-1135G7 8 Go 512 Go
23.03.2022,Norton,360,55.10,29,Premium (1 j Windows Mac Os iOS Android Version complete
24.03.2022,Nacon,Gaming,149,99,Revolution Unlimited Pro PS4
25.03.2022,Arlo,Ultra,606,479,2 VMS5240B-200EUS 2er-Set 3840 x 2160 pixels
26.03.2022,Sandisk,Extreme,112,79,Pro microSD A2 microSDXC 512 Go U3 UHS-I
27.03.2022,tolino,Vision,205.90,160,6 housse Origami incl. 7  16 Go
28.03.2022,Sony,WF,89,69,-1000XM3 ANC
29.03.2022,HP,Omen,1599,1249,16.10  AMD Ryzen 7 5800H 16 Go 1000 Go
31.03.2022,Microsoft,Surface,69,49,Arc Sans fil
01.04.2022,WD,Red,223,189,Plus 8 To 3.5 CMR
02.04.2022,Belkin,Chargeur,102,75,2 en 1 Boost Charge Pro avec MagSafe 15 W
03.04.2022,Max,Hauri,50.90,35,Set gestion câbles
04.04.2022,Dji,Mavic,1059,789,Air 2 Fly More Combo 34 min 570 g 48 Mpx
05.04.2022,Logitech,MX,95,69,Master 3 Sans fil
06.04.2022,Lenovo,IdeaPad,649,399,Flex 5 156 Intel Core i3-1115G4 8go 256 go
07.04.2022,Logitec,SteamCam,125,89,2mpx
08.04.2022,Netgear,Système,690,439,mesh Orbi Wifi 6 AX4200
09.04.2022,Nintendo,Paper,40,28.90,Mario: The Origami King (switch multilingue)
10.04.2022,Klipsch,The,929,699,Fives 1 paire 320 W
11.04.2022,Acer,Aspire,899,649,5 15.60  AMD Ryzen 7 5700U 16 Go 1000 Go
12.04.2022,Logitech,Ergo,188,149,Bundle K860 + MX Vertical CH Sans fil
13.04.2022,Varta,Longlife,37.80,22,Power Set 48 pcs AAA AA
14.04.2022,Acer,RT,189,99,240Y 1920 x 1080 pixels 24 
15.04.2022,Nothing,Ear,95,79,1
16.04.2022,Philips,TAM,273,199,8905/10 1 x 100 W Spotify Connect Bluetooth WiFi Lecteur de CD
17.04.2022,Xtorm,XP,445,349,300U Power Station
18.04.2022,Microsoft,Surface,87.60,50,Keyboard CH Sans fil
19.04.2022,Dji,Mavic,5199,4499,3 Cine Premium Combo 46 min 899 g 20 Mpx
20.04.2022,Energizer,Kit,75,29,Max Alcaline 60 pcs AAA AA
21.04.2022,Dell,Latitu,1701,1199,de 7420 14  Noyau i7-1185G7 16 Go 512 Go
22.04.2022,WD,Black,199,149,SN850 with Heatsink [Retail]1000 Go M.2 22801100:00:00
23.04.2022,Razer,Hammerhead,149,99,True Wireless Pro3000:00:00
24.04.2022,Denon,CEOL,526,429,N102 x 65 W Lecteur de CD WiFi Bluetooth Multiroom Airplay Spotify Connect4400:00:00
25.04.2022,ASUS,TUF,339,249,Gaming VG27AQ1A2560 x 1440 pixels 27 3300:00:00
26.04.2022,ASUS,ZenBook,1449,979,14 Flip OLED14  AMD Ryzen 7 5800H 16 Go 512 Go00:00:00
27.04.2022,Joule,Force,2499,1799,Nuke RTX 3070TI II7 SEIntel Core i7-11700F 16 Go 1000 Go SSD00:00:00
28.04.2022,Withings,ScanWatch,253,209,42 mm Acier inoxydable33100:00:00
29.04.2022,TP,Link,60.10,45,RÃ©pÃ©titeur Wi-Fi RE5501300 Mbit/s 600 Mbit/s4600:00:00
30.04.2022,Arca,Up,605,489,Bandai Namco Pac Man Legacy Edition1300:00:00
01.05.2022,TomTom,GO,138,99,Classic6 1400:00:00
02.05.2022,Apple,MacBook,1699,1529,Pro â€“ Late 202013.30  M1 16 Go 512 Go19600:00:00
03.05.2022,OPPO,Reno,729,569,6 Pro256 Go Gris lunaire. 6.50  Double SIM 50 Mpx 5G2900:00:00
04.05.2022,HP,ProBook,922,699,455 G815.60  AMD Ryzen 7 5800U 16 Go 512 Go1600:00:00
05.05.2022,Technology,Juice,,819,Technology Juice Booster 2 German Traveller SetCEE 7/7 CEE16 bleu CEE16 rouge CEE32 rouge 22 kW 32 A Type 21200:00:00
06.05.2022,BenQ,GW,210,149,27801920 x 1080 pixels 27 37500:00:00
07.05.2022,Sandisk,Ultra,159,119,Dual Drive Luxe1000 Go USB C USB Type A 3.181900:00:00
08.05.2022,JBL,Project,156,99,Rock Under Armour Flash X3700:00:00
09.05.2022,Acer,Nitro,2199,1199,515.60  AMD Ryzen 7 5800H 16 Go 1000 Go 1000 Go100:00:00
10.05.2022,Apple,Watch,282,234,SE
11.05.2022,Phiips,346E2CUAE,509,359,3440x1440 34
12.05.2022,Klipsch,Set,1792,999,home cinema Advanced
13.05.2022,QNAP,TS,597,499,-253D-4G2 x 4 To WD Red Plus00:00:00
14.05.2022,Canon,EOS,1728,1379,R Kit F/4-7.1 IS STM24 - 105 mm 30.30 Mpx Plein format1500:00:00
15.05.2022,Cellularline,Brassard,38,25,de fitnessSmartphones jusquÃ  551200:00:00
16.05.2022,LG,OLED,1399,1177,55G194K OLED 2021 55 4600:00:00
17.05.2022,OnePlus,9,575,499,8go - 128go Astral Noir 6.55 double sim 48 mpx
18.05.2022,Sennheiser,CX,149,99,Plus True WirelessANC00:00:00
19.05.2022,Dell,Latitu,785,599,de 352015.60  Intel Core i5-1135G7 8 Go 256 Go300:00:00
20.05.2022,IT,Dusters,69,53,CompuCleaner Xpert40000:00:00
21.05.2022,Netgear,RBK,230,189,353 Orbi WiFi 6 Dual Band set de 32700:00:00
22.05.2022,Drift,DR,273,189,500600:00:00
23.05.2022,ASUS,VivoBook,799,499,1414  Intel Core i5-1135G7 8 Go 512 Go700:00:00
24.05.2022,Arlo,Ultra,899,639,2 VMS5440B-200EUS set de 43840 x 2160 pixels19700:00:00
25.05.2022,Brother,Scanner,409,349,ADS-2800W1 x Ethernet WiFi4900:00:00
26.05.2022,Lenovo,Tab,499,389,P115G 11  256 Go Modernist Teal300:00:00
27.05.2022,HORI,Racing,108,85,Wheel APEX PS5300:00:00
28.05.2022,Sandisk,Extreme,59.90,46,Pro SDXC U3SDXC 256 Go U3 UHS-I212500:00:00
29.05.2022,Onkyo,TX,582,479,-NR6967.2 canaux FM AM3700:00:00
30.05.2022,Acer,Aspire,899,599,515.60  AMD Ryzen 7 5700U 16 Go 1000 Go1500:00:00
31.05.2022,Microsoft,Office,279,199,Famille et petite entreprise 2021 illimité 1x Windows mac Os 
01.06.2022,LG,HU,2829,2349,810PW4K 2700 lm Laser 4k Enhanced Laser 28 dB1600:00:00
02.06.2022,Sony,Cyber,519,359,-shot DSC RX100 III24 - 70 mm 20.10 Mpx 112200:00:00
03.06.2022,TwelveSouth,HoverBar,81.60,59,Duo2600:00:00
04.06.2022,HP,MKCH,117,89,Sans fil1800:00:00
05.06.2022,SBS,Selfie,71.20,50,Ring Light avec trépied400:00:00
"06.06.2022,WD,Blue,99,69,SN5501000 Go M.2 228027000:00:00"""
07.06.2022,HP,ProBook,922,699,455 G815.60  AMD Ryzen 7 5800U 16 Go 512 Go2500:00:00
08.06.2022,ASUS,GeForce,1250,999,TUF RTX 3080 GAMING12 Go300:00:00
"09.06.2022,ASUS,TUF,269,199,Gaming VG279QM1920 x 1080 pixels 27 8900:00:00"""
10.06.2022,Energizer,Recharge,46.60,29,Maxi Kit8 pcs AA AAA 2000 mAh Piles rechargeables + chargeur900:00:00
11.06.2022,Dji,OM,160,129,516200:00:00
12.06.2022,Dji,Action,508.90,379,2 Dual-Screen Combo120p 4K00:00:00
14.06.2022,Acer,Nitro,1099,749,N50Intel Core i5-11400F 16 Go 1024 Go SSD500:00:00
15.06.2022,noblechairs,EPIC,369,299,145700:00:00
16.06.2022,Abus,Caméra,233,169,de surveillance WiFi outdoor pivotante/inclinable1920 x 1080 pixels400:00:00
17.06.2022,Harting,Câble,233,179,de recharge pour voiture électriqueType 2 22 kW 32 A 7.50 m200:00:00
18.06.2022,Blue,Yeti,140,99,XStudio Broadcast home studio baladodiffusion2900:00:00
19.06.2022,Withings,ScanWatch,312,229,38 mm Acier inoxydable37000:00:00
20.06.2022,Microsoft,Surface,1158,899,Laptop 415  AMD Ryzen 7 4980U 8 Go 256 Go2000:00:00
21.06.2022,Sony,XR,899,599,55X90J4K LCD/LED 2021 55 2000:00:00
22.06.2022,Lenovo,Yoga,549,439,Tab 1313  128 Go Noir de lombre3500:00:00
23.06.2022,Acer,Nitro,215,129,QG271bii1920 x 1080 pixels 27 10100:00:00
24.06.2022,Kingston,XS,253,199,20002000 Go1900:00:00
25.06.2022,Aukey,PA,45.20,37,-PD20 2-en-1 chargeur et chargeur de secours20 W100:00:00
26.06.2022,Nixplay,Cadre,189,126,photo numérique connect 1280 x 800 pixels1600:00:00
27.06.2022,Dell,Latitu,1110,799,de 542014  Intel Core i5-1145G7 16 Go 256 Go00:00:00
28.06.2022,Samsung,Galaxy,222,169,Tab A84G 10.50  32 Go gris1500:00:00
29.06.2022,Sony,WF,135,66,-1000XM3ANC111100:00:00
30.06.2022,Samsung,LS,355,299,34J550WQRXEN3440 x 1440 pixels 34 21000:00:00
01.07.2022,Crucial,MX,375,299,5004000 Go 2.5101000:00:00
02.07.2022,Olympus,BoÃ®tier,1499,1149,OM-D E-M1 Mark III20.40 Mpx Micro Four Thirds3300:00:00
04.07.2022,Apple,MacBook,2249,1779,Pro 13 â€“ Late 202013.30  M1 16 Go 2000 Go4300:00:00
05.07.2022,ASUS,ROG,3945,2999,Strix GA35DXAMD Ryzen 9 5900X 32 Go 2000 Go SSD00:00:00
06.07.2022,Canon,EOS,1668,1379,R Kit F/4-7.1 IS STM24 - 105 mm 30.30 Mpx Plein format1600:00:00
07.07.2022,HP,M404dn,255,199,LaserJet ProLaser Noir et blanc14100:00:00
08.07.2022,Samsung,Portable,77,55,T7 Blue500 Go151400:00:00
09.07.2022,Zens,in,143,99,1 Magnetic Alu Charger30 W400:00:00
10.07.2022,Sandisk,Nintendo,104,79,SwitchmicroSDXC 512 Go U1 UHS-I82100:00:00
11.07.2022,Gigabyte,Aorus,3399,2499,Model SAMD Ryzen 9 5900X 32 Go 3000 Go00:00:00
12.07.2022,Netgear,MR,769,599,5200 Nighthawk M5 5G WiFi 68300:00:00
13.07.2022,Technology,Set,,949,Juice Booster 2 Swiss EVCEE32 rouge CEE16 rouge Type 2 Type 13 22 kW 32 A Type 21000:00:00
14.07.2022,HP,E24mv,249,189,G41920 x 1080 pixels 24 100:00:00
15.07.2022,TCL,43P6154K,326,269,LCD 2020 43 10600:00:00
16.07.2022,PNY,Pro,198,99,Elite1000 Go USB Type A 3.04100:00:00
17.07.2022,Varta,Kit,41.70,29.90,LCD Plug Charger (8pcs AA AAA 1000 mAh piles + rechargeur)
18.07.2022,Logitech,MX,91.90,59,MasterÂ Mac EditionSans fil59300:00:00
19.07.2022,DJI,Mavic,2499,2099,3 Fly More Combo46 min 895 g 20 Mpx3600:00:00
'21.07.2022,Adobe,Creative,149,99,Cloud Photography Plan 20go (Windows et Mac)
22.07.2022,Jabra,Elite,153,119,7 ActiveANC2700:00:00
23.07.2022,Arlo,Pro,599,499,4 Spotlight VMC4450P-100EUS set de 42688 x 1520 pixels11500:00:00
24.07.2022,TI,Nspire,139,119,CX II-T CASBatterie43600:00:00
25.07.2022,Lenovo,ThinkPad,1059,779,E14 Gen 214  Intel Core i5-1135G7 16 Go 512 Go00:00:00
26.07.2022,Sony,ZV,672,549,-124 - 70 mm 20.10 Mpx 18300:00:00
27.07.2022,WD,Black,141,115,SN850 with heatsink1000 Go M.2 22809300:00:00
28.07.2022,Philips,Base,170,139,Hue Gradient Ambiance + extensionMulticolore9200:00:00
29.07.2022,Acer,Nitro,189,99,VG240Y1920 x 1080 pixels 24 19300:00:00
'21.07.2022,Adobe,Creative,149,99, Norton 360 Deluxe 15 Mt. 5 x Android iOS Windows macOS Version complète'
31.07.2022,Epson,EcoTank,446,379,ET-5170RÃ©servoir dencre Couleur6600:00:00
01.08.2022,LG,HU,2098,1649,80KSW Presto4K 2500 lm 4k Enhanced Laser 30 dB14200:00:00
02.08.2022,Acer,Aspire,804,599,315.60  Intel Core i5-1135G7 16 Go 512 Go2100:00:00
03.08.2022,MSI,MEG,2295,1799,Infinite X 11Intel Core i7-11700KF 16 Go 1000 Go 1 To HDD SSD00:00:00
04.08.2022,Samsung,Galaxy,254,189,A52128 Go Lavande 6.50  Double SIM 64 Mpx 4G45000:00:00
05.08.2022,Canon,EOS,1084,829,90D boitier 32.50 Mpx APS-C / DX7400:00:00
06.08.2022,Netatmo,Capteur,109,85,de qualitÃ© de lair connectÃ©7600:00:00
07.08.2022,Sony,OLED,1283,799,KE-48A9 4K OLED 2020 48 
08.08.2022,HP,ProBook,890,749,445 G8 14  AMD Ryzen 7 5800U 16 Go 512 Go CH
09.08.2022,Lenovo,Tab,499,349,P11 5G 11  256 Go Modernist Teal
10.08.2022,Apple,iMac,1431,1249,â€“ 2021 24  M1 8 Go 256 Go SSD
11.08.2022,BenQ,GW,209,149,2780 1920 x 1080 pixels 27 
12.08.2022,Canon,Imprimante,105,89,photo mobile Zoemini Thermodirecte Couleur
13.08.2022,UE,Wonderboom,107, 79,(13h)
14.08.2022,Kingston,FURY,243,199,Renegade 2000 Go M.2 2280
15.08.2022,Logitech,G,106,59,G502 Lightspeed Sans fil
16.08.2022,Dell,Vostro,809,599,5510 15.60  Intel Core i5-11320H 16 Go 512 Go CH
17.08.2022,TP,Link,339,229,SystÃ¨me mesh Deco X50 set de 3200:00:00
18.08.2022,TomTom,GO,295,199,Discover EU 7 
19.08.2022,SumUp,Kit,149,109,3G + imprimante8700:00:00
20.08.2022,Sony,Kit,489,379,Alpha 6000 16 - 50 mm 24 Mpx APS-C / DX
21.08.2022,SanDisk,Extreme,209,159,microSD A2 microSDXC 1000 Go U3 UHS-I
22.08.2022,Xtorm,SolarBooster,183,149,21W+Rugged Powbank 10000 mAh
23.08.2022,ASUS,ProArt,2862,2099,StudioBook 16 16  AMD Ryzen 9 5900HX 32 Go 2000 Go CH
24.08.2022,AOC,CU,459,379,34G2X/BK 3440 x 1440 pixels 34 
25.08.2022,Rolling,Square,24.50,19,inCharge X6 0.07 m
26.08.2022,Kingston,DataTraveler,119,99,Max 1000 Go USB C 3.2
27.08.2022,Corsair,T3,275,229,Rush31200:00:00
28.08.2022,LG,DSP,546,399,8YA200:00:00
29.08.2022,Microsoft,Xbox,300.90,259,Series S + Game Pass Ultimate 3 mois800:00:00
31.08.2022,Philips,PUS,849,649,8506 Ambilight 4K LED 2021 65 
02.09.2022,Microsoft,Casque,86,65,sans fil moderne Sans fil
03.09.2022,Energizer,Max,50.20,29.90,Alkaline Bundle(48pcs AAA AA)
04.09.2022,Samsung,Portable,72,50,T7 Blue 500 Go
05.09.2022,Sony,OLED,1146,969,XR55A80J 4K OLED 2021 55 
06.09.2022,Dell,XPS,2299,1499,15 9510 15.60  Intel Core i7-11800H 16 Go 512 Go CH
07.09.2022,Corsair,K100,270,169,CH Filaire
08.09.2022,IT,Dusters,69,53,CompuCleaner Xpert45800:00:00
09.09.2022,Brother,HL,289,199,-L5100dn Laser Noir et blanc
10.09.2022,Aukey,USB,35.90,22,A â€“ USB Type-C Nylon pack de 5114900:00:00
11.09.2022,Chipolo,Smart,68.30,50,Tracker Spot Bundle200:00:00
12.09.2022,ASUS,ROG,3999,2999,Strix GA35 AMD Ryzen 9 5900X 32 Go 2000 Go PCIe Card SSD
13.09.2022,HP,M283fdw,499,399,Color LaserJet Pro Laser Couleur
15.09.2022,Nikon,Boitier,2549,2149,D850 45.70 Mpx Plein format
16.09.2022,Lenovo,ThinkVision,248,179,M14 1920 x 1080 pixels 14 
17.09.2022,Miami,ANC,,89,50 h
18.09.2022,ZenWiFi,Pro,,549,XT12 Wi-Fi 6300:00:00
19.09.2022,Swift,Intel,,599,Core i7-1165G7 16 Go 512 Go
20.09.2022,Sandberg,Solar,103,79,6-Panel 20000 mAh 20 W
22.09.2022,Acer,Nitro,263,159,VG272S 1920 x 1080 pixels 27 
23.09.2022,Varta,Kit,41.50,29,LCD Plug Charger 8 pcs AAA AA 1000 mAh Piles rechargeables + chargeur
24.09.2022,Aukey,Omnia,72.90,50,PA-B6S + cÃ¢ble USB C 90 W Technologie GaN Power Delivery 3.0 Charge rapide 4.0 Charge rapide adaptative
25.09.2022,Logitech,MX,106,79,Keys Plus CH Sans fil
27.09.2022,HP,ProBook,890,699,445 G8 14  AMD Ryzen 7 5800U 16 Go 512 Go CH
28.09.2022,SanDisk,Extreme,119,93,PRO SDXC SDXC 512 Go U3 UHS-I
29.09.2022,Dell,C2722DE,379,249,2560 x 1440 pixels 27 
30.09.2022,Norton,Deluxe,45,27,15 Mt. 5 x Mac OS Windows iOS Android Version complète 13618:04:51]
01.10.2022,HP,LaserJet,116,89,M110we Laser Noir et blanc
02.10.2022,SanDisk,Ultra,182,155,3D 2000 Go 2.5
03.10.2022,Joule,Force,1530,1149,Nuke RTX3060 II7 Intel Core i7-11700F 16 Go 500 Go 1 To HDD SSD
04.10.2022,Netgear,RAX,285,179,120 Nighthawk 5G WiFi 6
05.10.2022,Acer,Aspire,943,699,5 15.60  Intel Core i7-1165G7 16 Go 1000 Go CH
06.10.2022,Viewsonic,M2,613,499,Full HD 1200 lm 1.23:1
07.10.2022,Logitech,Ergo,91.40,75,K860 CH Sans fil
08.10.2022,Pale,Blue,35,28,AA pack de 4 4 pcs AA 1560 mAh Batterie
09.10.2022,Netatmo,SystÃ¨me,336,265,dalarme set Security
10.10.2022,Lenovo,ThinkPad,1099,849,E15 Gen 2 15.60  Intel Core i5-1135G7 16 Go 512 Go CH
11.10.2022,Netgear,RBK,267,179,353 Orbi WiFi 6 Dual Band set
12.10.2022,Kingston,KC,209,179,3000 2048 Go M.2 2280
13.10.2022,Razer,Hammerhead,186,99,True Wireless Pro 16 h
14.10.2022,Logitech,G,258,209,G29 Driving Force PlayStation PC
15.10.2022,LG,OLED,1006,777,55C17 4K OLED 2021 55 
16.10.2022,AOC,C27G2ZU,279,199,/BK 1920 x 1080 pixels 27 
17.10.2022,Lenovo,V15,599,399,Gen 2 15.60  Intel Core i3-1115G4 8 Go 256 Go CH
18.10.2022,LG,HU,1399,949,70LS 4K 1500 lm 1.2 - 1.5:1
19.10.2022,Canon,BoÃ®tier,2264,1899,EOS 5D Mark IV 30.40 Mpx Plein format
20.10.2022,ASUS,ExpertCenter,782,599,D5 Intel Core i5-11400 16 Go 512 Go SSD
21.10.2022,Netgear,LAX,299,199,20-100EUS 4G LTE WiFi
22.10.2022,ASUS,VP,294,199,28UQGL 3840 x 2160 pixels 28
23.10.2022,Harman,Boombox,539,399,3 24 h Fonctionnement sur batterie
"24.10.2022,Microsoft,Office,149,99,Famille et Etudiants 2021 illimite 1x Windows Mac OS
25.10.2022,Samsung,QE,1999,1499,75QN90A 4K NeoQLED VA 2021 75"""
26.10.2022,Devolo,Kit,299,199,de dÃ©marrage Powerline Mesh WiFi 2 2400 Mbit/s
27.10.2022,Vava,4K,2439,1949,UST 4K 1800 lm 0.233:1
28.10.2022,Anda,seaT,459,369,Kaiser 3
29.10.2022,Disk2Go,Switch,32.00,19.90,lot de 2 64 Go USB Type A USB C 3.0
30.10.2022,AOC,U27V4EA,295,199,3840 x 2160 pixels 27 
31.10.2022,Apple,iPhone,720,639,12 mini 256 Go Noir 5.40  SIM + eSIM 12 Mpx 5G
01.11.2022,LG,QNED,1741,999,999PB 8K Mini-LED 2021 65 
02.11.2022,Acer,Nitro,359,199,XV280K 3840 x 2160 pixels 28 
03.11.2022,Logitech,G,154,119,Pro X Lightspeed
04.11.2022,L33T,Energy,204,119,nan
05.11.2022,Einova,Power,130,99.90,Bar 10000 mAh 53 W
06.11.2022,Yamaha,RX,596,489,-V4A 5.2 canaux
07.11.2022,Philips,329P1H,593,449,/00 3840 x 2160 pixels 31.50 
08.11.2022,HP,Omen,1349,899,16-c0600nz 16.10  AMD Ryzen 5 5600H 16 Go 512 Go CH
09.11.2022,BenQ,TH,689,529,575 Full HD 3800 lm 1.49 - 1.64:1
10.11.2022,Crucial,50,195,149,/1ToCrucial X8 2000 Go
11.11.2022,Energizer,Recharge,54.80,29,Maxi Kit 8 pcs AA AAA 2000 mAh Piles rechargeables + chargeur
12.11.2022,Crucial,Laptop,125,89,Memory 2 x 16GB SO-DIMM 260 x RAM DDR4 3200 MHz
13.11.2022,Nextbase,GW,299,229,récepteur GPS 4K
14.11.2022,WD,Red,549,469,Pro 20 To 3.5 CMR
15.11.2022,Huawei,MateView,429,349,GT 3440 x 1440 pixels 34 
16.11.2022,Arlo,Ultra,909,659,2 SPotlight set de 4 noir 3840 x 2160 pixels
17.11.2022,Dell,Vostro,910,589,5510 15.60  Intel Core i5-11320H 16 Go 512 Go CH
18.11.2022,Lenovo,Legion,1499,1149,T5 Ryzen 7 5800 16 Go 2 To 1000 Go PCIe Card SSD HDD
19.11.2022,noblechairs,HERO,399,349,nan
20.11.2022,Corsair,K70,219,159,RGB Pro CH Filaire
21.11.2022,Cat,S42,249,199,H+ 32 Go Noir 5.50  Double SIM 13 Mpx 4G
29.11.2022,HP,HP,249,189,HP OfficeJet Pro 9012eEncre CouleurEncre
30.11.2022,ASUS,Routeur,,249,nan
25.12.2022,B&O,Beolit,439,329,208 h Fonctionnement sur batterie
26.12.2022,Logitech,G,185,139,G915 TKLCH Sans filCH
