date,brand,name_product,old_price,new_price,detail,discount,%
18.06.2020,Brother, MFC,433.0,299.0,-L8690CDW WiFi Laser/LED Couleur Impression recto verso,134.0,30.95
19.06.2020,Libratone, TRACK,274.0,199.0,Air+ Bundle In-Ear Noir ANC,75.0,27.37
20.06.2020,Devolo, kit ,164.0,129.0, de demarrage WiFi 2-1-2 Magic 1 1200Mbit/s,35.0,21.34
21.06.2020,Suunto, Gift ,585.0,449.0,Box 9 Baro Red avec bracelet en cuir supplementaire 50mm Polyamide,136.0,23.25
22.06.2020,Microsoft, 365 ,82.0,65.0,Family 12 Mt 6x Android iOS Windows Mac OS X Windows Mobile Allemand Francais Italien,17.0,20.73
23.06.2020,Fairphone, 3,515.0,439.0,64Go Translucide fonc 565 Double SIM + SD 12Mpx 4G,76.0,14.76
25.06.2020,Samsung, Galaxy ,888.0,699.0,Tab S6 inkl Book Cover Keyboard 1050 128Go rose blush 4G,189.0,21.28
26.06.2020,Klipsch, T5 ,189.0,99.0,True wireless In-Ear Noir,90.0,47.62
27.06.2020,Samsung, T7 ,141.0,109.0,Touch portable 500Go,32.0,22.7
28.06.2020,Lenovo, ThinkCentre ,899.0,599.0,V530s Intel Core i5-9400 16Go 512Go SSD,300.0,33.37
29.06.2020,Samsung, QE65Q85R  ,1599.0,1299.0,65  4K  One Connect Box  QLED,300.0,18.76
30.06.2020,Samsung, Galaxy ,1349.0,699.0,S10+ 12GB 1000Go Ceramic White 6.40 Double SIM hybride 16Mpx 4G,650.0,48.18
01.07.2020,ASUS, VivoBook,899.0,719.0,17 X712FA-AU461T 1730 Full HD Intel Core i5-10210U 8Go 512Go SSD,180.0,20.02
03.07.2020, Netatmo, Lot ,319.0,239.0,de 3 detecteurs de fumée intelligents,80.0,25.08
04.07.2020, Sanihero, Smartphone ,79.9,59.0,UV-Sterilizer S1,20.9,26.16
05.07.2020, Alpine, EZI,149.0,99.0,DAB-BT,50.0,33.56
06.07.2020, Philips, 346B1C,599.0,399.0, 34 3440 1440 pixels,200.0,33.39
07.07.2020, Samsung, Galaxy,899.0,699.0,Note10+ 5G (256Go Aura Glow 680 SIM simple 16Mpx 5G),200.0,22.25
08.07.2020, Samsung, M471A4G43MB1,158.0,119.0,CTD (1x 32Go DDR4-2666 SO-DIMM 260 broches),39.0,24.68
09.07.2020, Aukey, USB ,45.0,25.0,type C Nylon (lot de 5),20.0,44.44
10.07.2020, NewStar, FPMA,114.0,99.0,-D960D (Tables 27),15.0,13.16
11.07.2020, Brother, P-Touch ,89.9,79.0,(180dpi),10.9,12.12
12.07.2020, Woodcessories, EcoPad ,71.9,49.0,(10W),22.9,31.85
13.07.2020, Dell, U2719D ,400.0,329.0,(27  2560 x 1440 pixels),71.0,17.75
14.07.2020, ASUS,  Ensemble ,370.0,279.0,WiFi 6 (routeur + adaptateur réseau),91.0,24.59
15.07.2020, Dell, OptiPlex ,1099.0,849.0,7070 (Intel Core i7-9700 16Go 512Go SSD),250.0,22.75
16.07.2020, Soundboks, 3 ,905.0,509.0,(Noir 40h),396.0,43.76
17.07.2020, Lenovo, Yoga ,239.0,189.0,Smart Tab 1010 64Go Grey sans LTE,50.0,20.92
18.07.2020, Lenovo, horloge,115.0,75.0, intelligente,40.0,34.78
19.07.2020, Atra, DP18 ,59.9,39.0,Wireless Powerbank,20.9,34.89
20.07.2020, Samsung, QE49Q80T ,1399.0,999.0,49 4K QLED 2020,400.0,28.59
21.07.2020, Medion, Erazer,2299.0,1899.0, X15809 1560 Full HD Intel Core i9-9980HK 32Go 1024Go SSD,400.0,17.4
22.07.2020, EVGA, GeForce ,590.0,499.0,RTX 2070 Super KO Gaming 8Go,91.0,15.42
23.07.2020, Dell, Vostro ,937.0,849.0, 5490  14  Full HD  Intel Core i7-10510U  16Go  512Go  SSD,88.0,9.39
24.07.2020, JBL, Under ,179.0,99.0,Armour True Wireless Flash  Noir,80.0,44.69
25.07.2020,FiiO ,M5,129.0,99.0,,30.0,23.26
29.07.2020,Kensington ,K38131EU,279.0,199.0, DisplayPort  60W  USB Type-C  USB Type A ,80.0,28.67
30.07.2020,Epson ,ET-L3150  ,208.0,159.0,EcoTank  WiFi  Reservoir d encre  Couleur,49.0,23.56
31.07.2020,Papyrus ,Lycra   ,120.0,69.0,lot de 3  140-160 x 190-220 cm,51.0,42.5
01.08.2020,ASUS ,GT-AX11000 ,390.0,319.0,Gaming,71.0,18.21
02.08.2020,Philips ,TAS6305/00   ,179.0,99.0,Noir  20h,80.0,44.69
03.08.2020,Dji ,Osmo ,348.0,269.0,Pocket kit Etui de recharge  60p  4K,79.0,22.7
04.08.2020,AO , CU34G2BK,509.0,399.0,,110.0,21.61
05.08.2020,Medion ,Erazer ,1199.0,999.0,Engineer P10 MD34799  Intel Core i5-10400F  16Go  512Go  1To  SSD  HDD,200.0,16.68
06.08.2020,XQISIT ,Chargeur ,64.0,39.0,de secours premium  20000mAh  18W,25.0,39.06
07.08.2020,Acer ,Aspire ,599.0,479.0,3  A315-56-59WP  15 60  Full HD  Intel Core i5-1035G1  8Go  256Go  SSD ,120.0,20.03
08.08.2020, Xtorm, Set ,163.0,119.0,de chargeurs de secours XB303 Voyager & XB300 Hubble (26000mAh 60W),44.0,26.99
09.08.2020,Toshiba ,Canvio  ,99.0,79.0,Basics  4To,20.0,20.2
10.08.2020,Samsung , QE55Q60T,949.0,679.0, (55 4K QLED 2020),270.0,28.45
11.08.2020, Logitech, MX,109.0,79.0,Master 3 (Sans fil),30.0,27.52
12.08.2020, Lenovo, Legion ,1699.0,1399.0,T5 28IMB05 (Intel Core i7-10700 16Go 512GO 1To SSD HDD),300.0,17.66
13.08.2020,Energizer ,Lot ,59.7,34.0,Max Alkaline 40 AA + 20 AAA  60pcs  AA / LR6 / Mignon  AAA / LR03 / Micro,25.7,43.05
14.08.2020,Dell ,PowerEdge  ,429.0,359.0,T40  Intel Xeon E-2244G  64Go,70.0,16.32
15.08.2020,L33T ,Elite ,245.0,189.0, V3,56.0,22.86
16.08.2020,Aukey ,Powerbank  ,90.0,69.0,PB-XD26  26800mAh  45W,21.0,23.33
17.08.2020,OnePlus ,7T ,729.0,599.0,Pro  8 Go   256Go  Haze blue  6 67  Double carte SIM  48Mpx  4G,130.0,17.83
18.08.2020,Samsung ,LU28R550UQUXES ,259.0,259.0,28  3840 x 2160 pixels,0.0,0.0
19.08.2020,Arlo ,Pro ,940.0,769.0,3 VMS4440B Lot de 4  2560 x 1440 pixels  QHD / WQHD ,171.0,18.19
20.08.2020,Lenovo ,ThinkCentre ,1399.0,699.0,M920t  Intel Core i5-9400  16Go  512Go  SSD,700.0,50.04
21.08.2020,ASUS,VivoBook ,699.0,529.0,15 X512JA-EJ284T  15 60  Full HD  Intel Core i5-1035G1  8Go  512Go  SSD,170.0,24.32
22.08.2020,Pure ,Radio-reveil,149.0,119.0,DAB Siesta avec fonction de charge sans fil,30.0,20.13
23.08.2020,UE ,Double ,115.0,69.0,enceinte Wonderboom  Noir  Subzero Blue  10h,46.0,40.0
24.08.2020,Microsoft ,365 Famille ,82.0,65.0,12 Mt   6x  Android  iOS  Windows  Mac OS X  Windows Mobile  Allemand  Français  Italien,17.0,20.73
25.08.2020, Dell, U3419W ,861.0,729.0,34  3440 x 1440 Pixels,132.0,15.33
26.08.2020, Logitec, G,155.0,99.0,G910 Orion Spectrum,56.0,36.13
27.08.2020,Suunto ,9 Baro ,728.0,499.0,Titanium Edition Ambassador + bracelet silicone  50mm  Polyamide,229.0,31.46
28.08.2020,Leitz ,IQ ,96.0,79.0,Home Office  Coupe,17.0,17.71
29.08.2020,SKROSS ,Set ,89.0,55.0,complet  Multi  USB  Multi,34.0,38.2
30.08.2020,Netgear ,MK62,269.0,219.0,Nighthawk Mesh WiFi 6 System 2er Set,50.0,18.59
31.08.2020,LG ,HU80KSW ,2499.0,1799.0,Presto  4K  2500lm  4 k lasers  30dB,700.0,28.01
01.09.2020,Medion ,Erazer ,1499.0,1199.0,Engineer X10 MD34821  Intel Core i7-10700F  16Go  512Go  SSD,300.0,20.01
02.09.2020,Philips , Moniteur,579.0,399.0,B-line 345B1C + casque TAPH802,180.0,31.09
03.09.2020,PNY ,Pro ,34.0,20.0,Elite microSDXC  microSD  128Go  U3  UHS-I ,14.0,41.18
04.09.2020,Lexmark ,MC2425adw  ,310.0,249.0,WiFi  Laser/LED  Couleur  Impression recto verso,61.0,19.68
05.09.2020,Elecjet ,PowerPie ,79.0,59.0,P20 Powerbank  20000mAh  45W,20.0,25.32
06.09.2020,Netatmo ,NWS01-EC,162.0,119.0,,43.0,26.54
07.09.2020,HP ,250 ,799.0,549.0,G7  15 60  Full HD  Intel Core i7-8565U  8Go  256Go  SSD,250.0,31.29
08.09.2020,Lenovo ,ThinkCentre ,1199.0,799.0,M920q Tiny  Intel Core i5-9400T  16Go  512Go  SSD,400.0,33.36
09.09.2020, UE, Boom,109.0,69.0,2 Kool Savas Limited Edition,40.0,36.7
10.09.2020,Dell ,Server ,749.0,599.0,PowerEdge T140  Intel Xeon E-2124  8Go,150.0,20.03
11.09.2020,Desinfect, pro,79.0,59.0,Set Desinfektion + Screen Shine  100x ,20.0,25.32
12.09.2020,marantz ,SR7013  ,1399.0,999.0,9 2 canaux  FM  AM,400.0,28.59
13.09.2020,Microsoft ,Xbox,34.0,29.0,Game Pass Ultimate 3 mois,5.0,14.71
14.09.2020,ASUS ,GeForce ,630.0,499.0,RTX 2070S ROG Strix A8G Gaming  8Go ,131.0,20.79
15.09.2020,Acer ,Aspire ,519.0,399.0,3 A315-23-R8MQ  15 60  Full HD  AMD Ryzen 5 3500U  8Go  512Go  SSD,120.0,23.12
16.09.2020,ASUS ,RT-AX88U,329.0,259.0,Gaming,70.0,21.28
17.09.2020,Philips , Ligne,169.0,129.0,B 241B8QJEB,40.0,23.67
18.09.2020,digitec, connect ,300.0,180.0,Abonnement mobile 12 mois de frais de base,120.0,40.0
19.09.2020,JBL ,Casque ,85.0,49.0,sans fil LIVE 400BT  Noir,36.0,42.35
20.09.2020,Acer ,Aspire ,799.0,449.0,XC-886  Intel Core i5-9400  8Go  512Go  1To  SSD  HDD ,350.0,43.8
21.09.2020,Lenovo ,ThinkPad ,999.0,789.0,E15  15 60  Full HD  Intel Core i7-10510U  16Go  256Go  SSD,210.0,21.02
22.09.2020,Microsoft ,365 ,82.0,65.0,Famille  12 Mt   6x  Android  iOS  Windows  Mac OS X  Windows Mobile  Allemand  Francais  Italien,17.0,20.73
23.09.2020, Acer, RT240Y,165.0,99.0,,66.0,40.0
24.09.2020,Klipsch ,R-28F ,648.0,399.0,1 paire  Placage en poly noir ,249.0,38.43
25.09.2020,Anda, seaT ,289.0,209.0,Dark Demon Black,80.0,27.68
26.09.2020,Lenovo ,horloge,109.0,75.0, intelligente,34.0,31.19
27.09.2020,Lenovo ,ThinkCentre ,899.0,649.0,V530S-07ICR  Intel Core i5-9400  16Go  512Go  SSD,250.0,27.81
28.09.2020, Sony, WH-1000XM3,248.0,179.0,,69.0,27.82
29.09.2020, Samsung, Onglet,590.0,499.0,Galaxie S6,91.0,15.42
30.09.2020,ASUS ,ZenBook  ,959.0,759.0,14 UM431DA-AM067T  14  Full HD  AMD Ryzen 7 3700U  8Go  1000Go  SSD,200.0,20.86
01.10.2020,Sony ,Kit ,999.0,799.0,Alpha 6400  16-50mm  24 20Mpx  APS-C DX,200.0,20.02
02.10.2020,SumUp ,Air ,101.0,79.0,Bundle  Scanner USB  Kit de support ,22.0,21.78
03.10.2020,Devolo ,Recepteur,89.0,74.0,ac ,15.0,16.85
04.10.2020,Philips ,Wake ,149.0,99.0,up Light Relax Breath HF3651 01 ,50.0,33.56
05.10.2020, Dell, U2719D,374.0,299.0,,75.0,20.05
06.10.2020, Lenovo, V15,599.0,449.0,15.60 Full HD Intel Core i5 8265U 8Go 256Go SSD,150.0,25.04
07.10.2020, Dji, Osmo,269.0,199.0,Action 60p 4k,70.0,26.02
08.10.2020, HP, 477dw,467.0,309.0,PageWide Pro,158.0,33.83
09.10.2020,Varta,LCD ,50.9,35.0,Plug Charger+ incl  4x AA & 4x AAA  Piles rechargeables + chargeur  8pcs  AA  AAA  1000mAh,15.9,31.24
10.10.2020,Tp-Link,Archer ,99.0,25.0,MR600,74.0,74.75
11.10.2020,HP,PC ,799.0,499.0,ProDesk 600 G5 SFF  Intel Core i5 9500  8Go  256Go  SSD,300.0,37.55
12.10.2020,OnePlus,8,899.0,799.0, Pro  8 Go   128Go  Onyx Black  6 78  Double carte SIM  48Mpx  5G,100.0,11.12
13.10.2020,Samsung,A+,199.0,139.0,,60.0,30.15
14.10.2020,Aukey,Powerbank,64.0,35.0,PB XD13  20000mAh  18W,29.0,45.31
15.10.2020,Epson,ET ,289.0,219.0,L5190 EcoTank  WiFi  Reservoir d encre  Couleur,70.0,24.22
16.10.2020,Aukey,Webcam,89.0,59.0,Pro 1080 w ClipOn base,30.0,33.71
17.10.2020,BlueLounge,CableBox ,43.9,29.0,Large  39 80cm,14.9,33.94
18.10.2020,Xtorm,Chargeur ,145.0,88.0,solaire 10'000mAh 21W,57.0,39.31
19.10.2020,BenQ, type,169.0,129.0, A,40.0,23.67
20.10.2020,Samsung,Galaxy ,749.0,549.0,Note 10  256Go  Aura Glow  6 30  Double carte SIM  16Mpx  4G,200.0,26.7
21.10.2020,Acer,Predator,1699.0,1399.0,Orion 3000 PO3 620  Intel Core i7 10700  16Go  512Go  1To  SSD  HDD,300.0,17.66
22.10.2020,LaCie,USB ,174.0,139.0,C robuste  5To,35.0,20.11
23.10.2020,Sony,Cyber ,499.0,379.0,shot DSC RX100 III  24 70mm  20 10Mpx  1,120.0,24.05
24.10.2020,Google,Nid,201.0,169.0,de routeur WiFi,32.0,15.92
25.10.2020,Samsung, Evo,86.1,79.0,microSDXC 512GB U3 UHS-I,7.1,8.25
26.10.2020,HP,EliteBook ,949.0,699.0,830 G6  13 30  Full HD  Intel Core i5 8265U  16Go  256Go  SSD,250.0,26.34
27.10.2020,Microsoft,office,61.0,49.0,365,12.0,19.67
28.10.2020,Ubiquiti,UniFi ,379.0,329.0,UAP-AC-Lite-5 - 5er-Set,50.0,13.19
29.10.2020, Jabra, Evolve,265.0,189.0, UC Duo 75,76.0,28.68
30.10.2020,Nikon,Z,1663.0,1449.0,5 Kit,214.0,12.87
01.11.2020,Hama, Universal,99.9,60.0, Power Pack Powerbank 26800mAh 60W9,39.9,39.94
02.11.2020, HP, Envy13 ,1259.0,959.0,13.30 full hd i7-10510U 16go 512 ssd,300.0,23.83
03.11.2020, Lenovo, ThinkCentre ,999.0,699.0,m920t i-5-9400 16 go 512 ssd,300.0,30.03
04.11.2020, Denver, Frameo ,90.6,69.0,PFF-1010,21.6,23.84
05.11.2020,Synology, DS420,509.0,429.0,,80.0,15.72
06.11.2020,Netgear, Set ,587.0,419.0,Wifi mesh RBK53S Orbi Armor,168.0,28.62
07.11.2020,Joby,Influencer,179.0,129.0, Social Media Premium Vlogging Starter Kit,50.0,27.93
08.11.2020,Philips,Hue ,141.0,119.0,Being Basic BT,22.0,15.6
09.11.2020,AOC,G12VXA,189.0,129.0,24 inch,60.0,31.75
10.11.2020,Brother,P Touch ,102.0,79.0,Cube Plus (180dpi),23.0,22.55
12.11.2020,Lexmar,MC2535adwe ,457.0,319.0,WiFi LaserLED Couleur Impression recto verso,138.0,30.2
13.11.2020,Alpine, EZI-DAB,145.0,99.0,BT,46.0,31.72
14.11.2020, Urbanista, London,149.0,99.0,,50.0,33.56
15.11.2020,OtterB,Batterie ,89.0,44.0,de secours exterieure + LifeProof cable A-C USB /Lanyard 04m 20000mAh 24W,45.0,50.56
16.11.2020, ASUS,ROG,1799.0,1349.0,G15CK-CH006T Intel Core i7 10700KF 16Go 1000Go 1To SSD HDD,450.0,25.01
17.11.2020, Samsung,Galaxy ,643.0,359.0,Note 10 Lite 128Go aura rouge 6.70 Double carte SIM 12Mpx 4G,284.0,44.17
18.11.2020, GoPro, Max ,454.0,379.0,60p full hd,75.0,16.52
19.11.2020, Acer, Aspire ,599.0,449.0,3  A3155659WP 15 60 Full HD Intel Core i5 1035G1 8Go 256Go SSD,150.0,25.04
20.11.2020,Ring,camera ,265.0,199.0,de projecteurs (1920 x 1080 pixels (Full HD)),66.0,24.91
21.11.2020,Zendure,SuperPort,99.0,79.0, 4 Charger 2x USB-C & 2x USB-A (100W Power Delivery),20.0,20.2
22.11.2020,Teufel,Airy,159.0,119.0,,40.0,25.16
23.11.2020,Sandis,Extreme ,409.0,299.0,Pro Type B (CFexpress type B 256Go),110.0,26.89
24.11.2020,Belkin ,boitier ,79.0,54.0,de desinfection UV avec recharche sans fil (10W),25.0,31.65
25.11.2020,Samsung,Galaxy ,762.0,599.0,S10+ 128Go Silver 640 Double SIM hybride 16Mpx 4G,163.0,21.39
26.11.2020,Reolink,Argus ,385.0,279.0,PT GO avec panneau solaire et memoire de 16 Go 1920 x 1080 pixels,106.0,27.53
28.11.2020,Panasonic, TX-55hzc2004,2399.0,1999.0,,400.0,16.67
29.11.2020,Acer,Nitro ,1699.0,1199.0,5 AN5155571US 1560 Full HD i7 10750H 16Go 1000Go SSD,500.0,29.43
01.12.2020, Ultimaker, 3,3784.0,2899.0,,885.0,23.39
02.12.2020, Bose, Headphones,349.0,249.0,700,100.0,28.65
03.12.2020,Xiaomi,Mi ,1499.0,1199.0,Laser 150,300.0,20.01
04.12.2020,Microsoft, Surface ,1094.0,899.0,Pro7 12 Core i5 10354G4,195.0,17.82
05.12.2020, tolino,  vision ,258.0,189.0,5  housse Origami  carte cadeau de 30 CHF,69.0,26.74
06.12.2020, HP, Sprocket,133.0,89.0,Select,44.0,33.08
07.12.2020, 4smarts, Powerbank ,159.0,89.0,VoltHub Graphene 100W 20000mAh 160W,70.0,44.03
08.12.2020, Raspberry, Pi,139.0,99.0,Kit Basic 4 8G HDMI  SD 16 Go incl,40.0,28.78
09.12.2020, Logitech, G ,159.0,89.0,G910 Orion Spectrum,70.0,44.03
10.12.2020, Seagate, Backup,118.0,99.0,Plus Portable Drive,19.0,16.1
11.12.2020, Asus, ZenBook,1199.0,999.0, Flip 14,200.0,16.68
12.12.2020, JBL, Boombox,319.0,249.0,,70.0,21.94
13.12.2020, Apple, Magic,448.0,359.0,Keyboard,89.0,19.87
14.12.2020, LG, OLED55BX,999.0,899.0,55 4k 2020,100.0,10.01
15.12.2020, Samsung, Galaxy,879.0,679.0,S20 5g 128go white 6 20,200.0,22.75
16.12.2020, Oculus, Rift,549.0,379.0,S,170.0,30.97
17.12.2020, Microsoft, 365,159.8,119.0,Family fur 24 mois,40.8,25.53
18.12.2020, AOC, C27G2U,269.0,199.0, full hd,70.0,26.02
19.12.2020, Lenovo, Ideapad ,799.0,579.0,IdeaPad S145-15IIL,220.0,27.53
20.12.2020, Philips, Hue ,78.6,69.0,e27 2x,9.6,12.21
21.12.2020, Arlo, Ultra ,1149.0,919.0,VMS5440 set de 4,230.0,20.02
22.12.2020, Sony, Xperia,1099.0,899.0,1 II 256go 6 50,200.0,18.2
23.12.2020, Joule, Force,1799.0,1399.0, Nuke RTX2070S II7 i7 10700f 16go 1000go ssd,400.0,22.23
24.12.2020, digitec, connect,300.0,180.0, abonnement mobile,120.0,40.0
25.12.2020,Tp-Link,Archer,128.0,99.0,MR400,29.0,22.66
26.12.2020,Ringc,Video ,229.0,149.0,Doorbell 3 (WiFi),80.0,34.93
27.12.2020, Energizer, Max,59.7,33.0, Alkaline set 40 AA + 20 AAA,26.7,44.72
28.12.2020, LG, OLED55GX6 ,1699.0,1499.0,55 4K OLED 2020,200.0,11.77
29.12.2020, Arlo, Pro ,1086.0,849.0,3 4er-Set + Video Doorbell,237.0,21.82
30.12.2020, Logitech, Craft,153.0,99.0,,54.0,35.29
31.12.2020, Asus, Vivo,949.0,699.0,Aio V27uak-ba1127,250.0,26.34
01.01.2021, Lifix, set ,89.0,89.0,3 ampoules,0.0,0.0
02.01.2021, Zendure, A8,153.0,99.0,SuperTank 27000mAh 100w,54.0,35.29
03.01.2021, Samsung, Odyssey ,1519.0,1099.0,G9 LC49G95TSSUXEN 49 5120 x 1440 pixels,420.0,27.65
12.01.2021, Samsung, Galaxy ,1121.0,849.0,S20 Ultra 5G,272.0,24.26
13.01.2021, Onyx, Boox ,779.0,679.0,Max3 13 3 pouces 64go,100.0,12.84
14.01.2021, Xtorm, SolarBooster ,194.0,129.0,21W + Outdoor Powerbank 10000 mAh,65.0,33.51
15.01.2021, Nuki, Barillet ,299.0,239.0,Smart Lock 2.0 CH + Keypad,60.0,20.07
16.01.2021, Urbanista, London,130.0,89.0,,41.0,31.54
17.01.2021, Acer, Nitro ,219.0,149.0,QG271bii 27 1920 x 1080 pixels,70.0,31.96
18.01.2021, Apple, MacBook ,1110.0,999.0,Air 2020 i5 16go 256ssd,111.0,10.0
19.01.2021, Samsung, 860,519.0,419.0, Evo Basic 4000go,100.0,19.27
20.01.2021, Samsung, Powerbank,79.9,49.0,EB-P5300XJ avec cable USB C-C,30.9,38.67
21.01.2021, TI, Nspire,152.0,119.0,CX II-T CAS,33.0,21.71
22.01.2021, Jabra, Evolve ,221.0,159.0,75 UC Duo (Sans fil),62.0,28.05
23.01.2021, ASUS, ROG,124.0,99.0,STRIX B450-F GAMING II,25.0,20.16
24.01.2021, ASUS, ROG,2199.0,1699.0,Zephyrus G14 GA401IV-HA168T 14 QHD AMD Ryzen 9 4900HS 16Go 1000Go SSD,500.0,22.74
25.01.2021, Nokia, 8.3,683.5,499.0,avec Power Earbuds BH-605 128Go Polar Night 6.81 Double SIM hybride 64Mpx 5G,184.5,26.99
26.01.2021, Samsung, T5 ,122.0,99.0,portable (1000Go),23.0,18.85
27.01.2021, Aukey, PA-T14 ,40.8,29.0,chargeur 42w,11.8,28.92
28.01.2021, Brother, ADS-2700W,329.0,259.0,,70.0,21.28
29.01.2021, Jabra, Speak ,99.0,79.0,4,20.0,20.2
30.01.2021, Bosign, Boite ,56.0,40.0,a cable XL Hideaway,16.0,28.57
31.01.2021, tolino, Shine,145.0,109.0,,36.0,24.83
01.02.2021, digitec, connect,300.0,180.0,Bon abo mobile pour 12 mois de frais de base,120.0,40.0
02.02.2021, Samsung, Galaxy ,920.0,699.0,Note 20 256Go Mystic Gray 6 70 Double carte SIM 12Mpx,221.0,24.02
03.02.2021, HP, Spectre ,1618.0,1399.0,13 x360 1330 DHU Intel Core i7-1065G7 16Go 1000Go SSD,219.0,13.54
04.02.2021, Roccat, Vulcan,170.0,119.0, 121 AIMO CH Cable,51.0,30.0
05.02.2021,AVM,Set ,189.0,149.0,FRITZ!Mesh  FRITZ!Box 7530 + FRITZ!Repeater 1200 International,40.0,21.16
06.02.2021,Manfrotto,Element Travveller S,144.0,119.0,,25.0,17.36
07.02.2021,DXRacer,Gaming Desk mask 2,259.0,219.0,,40.0,15.44
08.02.2021,Lenovo,Yoga,849.0,699.0,,150.0,17.67
10.02.2021,Devolo,Kit,255.0,189.0,,66.0,25.88
11.02.2021,Suunto,9,728.0,499.0,,229.0,31.46
12.02.2021,SteelSerie,Aerox,99.7,79.0,,20.7,20.76
13.02.2021,BlueLounge,CableBox,43.8,29.0,,14.8,33.79
14.02.2021, Belkin, Chargeur sans fil 3,120.0,98.0,,22.0,18.33
15.02.2021,Samsung,QE65Q90T,1724.0,1399.0,,325.0,18.85
16.02.2021,Acer, Nitro,1199.0,999.0,,200.0,16.68
17.02.2021,Sandisk,Extreme 128go,39.0,29.0,,10.0,25.64
18.02.2021,Adobe,Creative,149.0,99.0,,50.0,33.56
19.02.2021,Rexel,Destructe,147.0,99.0,,48.0,32.65
20.02.2021,Lenovo,horloge,108.0,69.0,,39.0,36.11
21.02.2021,Netgear,Hotspot,355.0,299.0,,56.0,15.77
22.02.2021,Samsung,Galaxy S20 FE 5G 128Go,692.0,579.0,,113.0,16.33
23.02.2021,Arlo,Ultra,1046.0,899.0,,147.0,14.05
24.02.2021,Acer,RT240Y,166.0,109.0,,57.0,34.34
25.02.2021,Corsair,K100,270.0,219.0,,51.0,18.89
26.02.2021,Dell,OptiPlex,769.0,499.0,,270.0,35.11
27.02.2021,Aukey,USB,39.0,24.0,,15.0,38.46
28.02.2021,Microsoft,Flight,129.0,99.0,,30.0,23.26
01.03.2021,Samsung,Galaxy,1126.0,819.0,,307.0,27.26
02.03.2021,Huawei, MateBook X Pro,1299.0,999.0,,300.0,23.09
03.03.2021,Tp-Link,Archer,130.0,99.0,,31.0,23.85
04.03.2021,Acer,Aspire,699.0,499.0,,200.0,28.61
05.03.2021,Aukey,PB,64.0,39.0,,25.0,39.06
06.03.2021,Kodak,Smartphone,113.0,89.0,,24.0,21.24
07.03.2021,Netgear,Prolongateur,168.0,119.0,,49.0,29.17
08.03.2021,Dell,XPS,1799.0,1499.0,,300.0,16.68
09.03.2021,LaCie,Rugged,162.0,139.0,,23.0,14.2
10.03.2021,Epos,GSP,209.0,129.0,,80.0,38.28
11.03.2021,Canon,EOS,1027.0,845.0,,182.0,17.72
12.03.2021,Samsung,Evo,46.5,36.0,,10.5,22.58
13.03.2021,Lenovo,Tab,129.0,95.0,,34.0,26.36
14.03.2021,IT,Dusters,78.4,50.0,,28.4,36.22
15.03.2021,Samsung,QE,2889.0,2399.0,,490.0,16.96
16.03.2021,Dell,U2719D,389.0,299.0,,90.0,23.14
17.03.2021, Suunto, 9,581.0,439.0,,142.0,24.44
18.03.2021,ASUS,VivoBook,799.0,599.0,,200.0,25.03
19.03.2021,Arlo,Pro,699.0,489.0,,210.0,30.04
20.03.2021,NewStar,Poste,193.0,129.0,,64.0,33.16
21.03.2021,Elecjet,PowerPie,67.0,45.0,,22.0,32.84
22.03.2021,Logitech,Ergonomic,199.0,149.0,,50.0,25.13
23.03.2021, HP, ENVY,82.2,69.0,,13.2,16.06
24.03.2021,HP,ProDesk,849.0,499.0,,350.0,41.22
25.03.2021,mophie,Station,99.0,79.0,,20.0,20.2
26.03.2021,ASUS,ROG,201.0,169.0,,32.0,15.92
27.03.2021,Canon,PIXMA,301.0,249.0,,52.0,17.28
28.03.2021,Olympus,Le,388.0,325.0,,63.0,16.24
29.03.2021,HP,ProBook,1099.0,799.0,,300.0,27.3
31.03.2021,Lenovo,V50s,649.0,399.0,,250.0,38.52
01.04.2021,SumUp,Lecteur,111.0,89.0,,22.0,19.82
02.04.2021,Anda,seaT,399.0,299.0,,100.0,25.06
04.04.2021,Powertraveller,Chargeur,183.0,129.0,,54.0,29.51
05.04.2021,Canon,EOS,1020.0,829.0,,191.0,18.73
06.04.2021,Lenovo,IdeaCentre,899.0,599.0,,300.0,33.37
07.04.2021,Aftershokz,Opencomm,199.0,139.0,,60.0,30.15
08.04.2021,BASUS,PB278QV,299.0,199.0,,100.0,33.44
09.04.2021,PNY,Pro,92.2,63.0,,29.2,31.67
10.04.2021,Netgear,RAX70,289.0,239.0,,50.0,17.3
11.04.2021,Anda,seaT,399.0,299.0,,100.0,25.06
12.04.2021,ASUS,ROG,162.0,99.0,,63.0,38.89
13.04.2021,Philips,498P9,969.0,699.0,,270.0,27.86
14.04.2021, Razer, Naga,103.0,69.0,,34.0,33.01
15.04.2021, Norton, 360,33.9,20.0,,13.9,41.0
16.04.2021, Samsung, USB,59.8,36.0,,23.8,39.8
17.04.2021, Klipsh, R-620F,618.0,449.0,,169.0,27.35
18.04.2021, Bosign, Boite,39.3,27.0,,12.3,31.3
19.04.2021, Energizer, Maxirecharge,30.0,30.0,,0.0,0.0
20.04.2021,Brother,Scanner,459.0,379.0,,80.0,17.43
21.04.2021,Thule,Crossover,97.3,59.0,,38.3,39.36
22.04.2021,ASUS,C3,79.0,49.0,,30.0,37.97
23.04.2021, Brother, Mobile,546.0,399.0,,147.0,26.92
24.04.2021,Lian,Li,175.0,149.0,,26.0,14.86
25.04.2021,Meural,MC,369.0,284.0,,85.0,23.04
26.04.2021,LG,HU,2159.0,1699.0,,460.0,21.31
27.04.2021,SteelSeries,Arctis,329.0,269.0,,60.0,18.24
28.04.2021,Nuki,Barillet,309.0,239.0,,70.0,22.65
29.04.2021,Adobe,Creative,149.0,99.0,,50.0,33.56
30.04.2021,Xtorm,XB,159.0,129.0,,30.0,18.87
01.05.2021,Samsung,HW,249.0,199.0,,50.0,20.08
02.05.2021,NewStar,FPMA,125.0,99.0,,26.0,20.8
03.05.2021,Samsung,Odyssey,573.0,399.0,,174.0,30.37
04.05.2021,Dell,Vostro,999.99,729.0,,270.99,27.1
05.05.2021,Sony,Alpha,1628.0,1199.0,,429.0,26.35
06.05.2021,Formuler,Z8,142.0,113.0,,29.0,20.42
07.05.2021,Apple,iPhone,765.0,699.0,,66.0,8.63
08.05.2021,Corsair,HS,199.0,139.0,,60.0,30.15
09.05.2021,Arozzi,Arena,357.0,289.0,,68.0,19.05
10.05.2021,digitec,connect,300.0,180.0,,120.0,40.0
11.05.2021,Samsung,Galaxy,669.0,549.0,,120.0,17.94
12.05.2021,Acer,Swift,899.0,749.0,,150.0,16.69
13.05.2021,Sandisk,ExtremePro,204.0,149.0,,55.0,26.96
14.05.2021,Ergotron,Bras,151.0,119.0,,32.0,21.19
15.05.2021,Sandisk,Ultra,88.0,63.0,,25.0,28.41
16.05.2021,One,for,210.0,169.0,,41.0,19.52
17.05.2021,Apple,MacBook,1499.0,1349.0,,150.0,10.01
18.05.2021,Jabra,Elite,95.7,69.0,,26.7,27.9
19.05.2021,Lenovo,ThinkPad,1789.0,1499.0,,290.0,16.21
20.05.2021,Collective, Minds,80.8,59.9,,20.9,25.87
21.05.2021,Brother,QL,185.0,139.0,,46.0,24.86
22.05.2021,Netatmo,Detecteur,379.0,249.0,,130.0,34.3
23.05.2021,Dell,Latitu,939.0,599.0,,340.0,36.21
24.05.2021,Sony,KE,1099.0,749.0,,350.0,31.85
25.05.2021,EAOC,27G2AE,285.0,179.0,,106.0,37.19
26.05.2021,Lenovo,Tab,599.0,499.0,,100.0,16.69
27.05.2021,Creality,CR,453.0,379.0,,74.0,16.34
28.05.2021,Acer,K272HLE,179.0,99.0,,80.0,44.69
29.05.2021,Logitech,G,199.0,169.0,,30.0,15.08
30.05.2021,Devolo,Kit,299.0,219.0,,80.0,26.76
31.05.2021,Logitech,MX,95.0,69.0,,26.0,27.37
01.06.2021,Apple,Watch,415.0,365.0,,50.0,12.05
02.06.2021,Xgimi,Projecteur,666.0,549.0,,117.0,17.57
03.06.2021,Xiaomi,Mi,335.0,269.0,,66.0,19.7
04.06.2021,Panasonic, Set,40.2,29.0,,11.2,27.86
05.06.2021,Astro,Gaming,319.0,219.0,,100.0,31.35
06.06.2021,OPPO,Watch,246.0,199.0,,47.0,19.11
07.06.2021,ASUS,VivoBook,999.0,799.0,,200.0,20.02
08.06.2021,Sony,Cyber,1199.0,949.0,,250.0,20.85
09.06.2021,ASUS,Zenfone,769.0,669.0,,100.0,13.0
10.06.2021,Urbanista,Stockholm,62.3,44.0,,18.3,29.37
11.06.2021,Netgear,Systeme,299.0,239.0,,60.0,20.07
12.06.2021,Xqisit,Powerbank,89.0,59.0,,30.0,33.71
14.06.2021,Apple,iPad,589.0,529.0,,60.0,10.19
15.06.2021,Samsung,T7,88.0,59.5,,28.5,32.39
17.06.2021,Philips,Hue,120.0,99.0,,21.0,17.5
18.06.2021,B&O,BeoPlay,299.0,288.0,,11.0,3.68
19.06.2021,Zoom,Audiorecorder,148.0,119.0,,29.0,19.59
20.06.2021,Netgear,Hotspot,349.0,299.0,,50.0,14.33
21.06.2021,ASUS,VP,274.0,199.0,,75.0,27.37
22.06.2021,Samsung,Evo,79.0,59.0,,20.0,25.32
23.06.2021,Dji,Gimbal,123.0,75.0,,48.0,39.02
24.06.2021,Samsung,SmartTag,49.9,39.0,,10.9,21.84
25.06.2021,Norton,Premium,55.0,29.0,,26.0,47.27
26.06.2021,Aukey,Omnia,64.0,49.0,,15.0,23.44
27.06.2021,tolino,Shine,168.9,134.0,,34.9,20.66
28.06.2021,AOC,C24G2U,249.0,149.0,,100.0,40.16
29.06.2021,Jabra,Evolve,157.0,129.0,,28.0,17.83
01.07.2021,Bowers,Wilkins,302.0,229.0,,73.0,24.17
02.07.2021,Philips,Hue,82.4,64.0,,18.4,22.33
03.07.2021,Razer,BlackWidow,159.0,119.0,,40.0,25.16
04.07.2021,Suunto,Titanium,499.0,349.0,,150.0,30.06
06.07.2021,Dell,Vostro,999.0,729.0,,270.0,27.03
07.07.2021,Crucial,X6,509.0,379.0,,130.0,25.54
08.07.2021,Rexel,Déchiqueteuse,254.0,199.0,,55.0,21.65
09.07.2021,Philips,Somneo,209.0,159.0,,50.0,23.92
10.07.2021,Nuki,Essential,259.0,199.0,,60.0,23.17
11.07.2021,Corsair,K100,259.0,199.0,,60.0,23.17
12.07.2021,Samsung,QE,640.0,499.0,,141.0,22.03
13.07.2021,Bose,SoundSport,142.0,89.0,,53.0,37.32
14.07.2021,Joule,Performance,415.0,299.0,,116.0,27.95
15.07.2021,Joule,Performance,3999.0,3399.0,,600.0,15.0
16.07.2021,Arlo,Set,741.0,499.0,,242.0,32.66
17.07.2021,Canon,Boitier,1059.0,789.0,,270.0,25.5
18.07.2021,Energizer,Set,39.8,29.0,,10.8,27.14
19.07.2021,Samsung,U28E590D,289.0,199.0,,90.0,31.14
20.07.2021,Adobe,Creative,149.0,99.0,,50.0,33.56
21.07.2021,Crucial,Ballistix,97.0,69.0,,28.0,28.87
22.07.2021,IT,Dusters,78.4,50.0,,28.4,36.22
23.07.2021,ASUS,ZenWiFi,419.0,329.0,,90.0,21.48
24.07.2021,Tile,Essentials,79.0,55.0,,24.0,30.38
25.07.2021,Sony,WF,133.0,89.0,,44.0,33.08
27.07.2021,Acer,Swift,549.0,429.0,,120.0,21.86
28.07.2021,DXRacer,Drifting,357.0,229.0,,128.0,35.85
29.07.2021,Devolo,Kit,299.0,219.0,,80.0,26.76
30.07.2021,Sony,Cyber,419.0,319.0,,100.0,23.87
31.07.2021,Xtorm,Chargeur,45.6,35.0,,10.6,23.25
04.08.2021,Sandisk,Extreme,58.7,44.0,,14.7,25.04
05.08.2021,Desinfect,pro,243.0,199.0,,44.0,18.11
06.08.2021,Netgear,Nighthawk,279.0,199.0,,80.0,28.67
07.08.2021,Canon,Imprimante,115.0,89.0,,26.0,22.61
08.08.2021,Sony,h,195.0,139.0,,56.0,28.72
09.08.2021,Apple,iPhone,1019.0,849.0,,170.0,16.68
10.08.2021,Acer,Nitro,285.0,179.0,,106.0,37.19
11.08.2021,Apple,MacBook,1649.0,1299.0,,350.0,21.22
12.08.2021,ASUS,ROG,275.0,229.0,,46.0,16.73
13.08.2021,Sony,Kit,1049.0,777.0,,272.0,25.93
14.08.2021,Brother,MFC,327.0,259.0,,68.0,20.8
15.08.2021,BlueLounge,CableBox,41.9,29.0,,12.9,30.79
16.08.2021,Captiva,R59,4699.0,3999.0,,700.0,14.9
17.08.2021,Panasonic,Kit,64.5,45.0,,19.5,30.23
18.08.2021,Microsoft,Office,149.0,74.0,,75.0,50.34
19.08.2021,Kingston,A2000,104.0,79.0,,25.0,24.04
20.08.2021,Razer,Basilic,169.0,119.0,,50.0,29.59
21.08.2021,Canon,EOS,1180.0,949.0,,231.0,19.58
22.08.2021,Linksys,Velop,456.0,249.0,,207.0,45.39
24.08.2021,ASUS,VivoBook,899.0,699.0,,200.0,22.25
25.08.2021,SumUp,Terminal,175.0,119.0,,56.0,32.0
26.08.2021,Acer,Nitro,1599.0,1299.0,,300.0,18.76
27.08.2021,Samsung,Evo,23.0,15.0,,8.0,34.78
28.08.2021,DXRacer,Gaming,323.0,219.0,,104.0,32.2
29.08.2021,Devolo,Répétiteur,87.0,65.0,,22.0,25.29
31.08.2021,Logitech,G,263.0,219.0,,44.0,16.73
01.09.2021,Sandisk,Ultra,175.0,119.0,,56.0,32.0
02.09.2021,Sony,Kit,469.0,379.0,,90.0,19.19
03.08.2021,TP-Link,Deco,399.0,239.0,,160.0,40.1
04.09.2021,Dji,Gimbal,119.0,75.0,,44.0,36.97
05.09.2021,Netgear,Système,639.0,459.0,,180.0,28.17
06.09.2021,Razer,Chaise,499.0,399.0,,100.0,20.04
07.09.2021,Apple,iPhone,529.0,475.0,,54.0,10.21
08.09.2021,Joule,Performance,3549.0,2999.0,,550.0,15.5
09.09.2021,AOC,AGON,599.0,299.0,,300.0,50.08
10.09.2021,Nintendo,Mario,93.2,74.0,,19.2,20.6
11.09.2021,Deltaco,GAM,231.0,199.0,,32.0,13.85
12.09.2021,Lenovo,Smart,73.2,55.0,,18.2,24.86
13.09.2021,Sony,KE,905.0,599.0,,306.0,33.81
14.09.2021,Corsair,RM,115.0,79.0,,36.0,31.3
15.09.2021,Apple,MacBook,1679.0,1479.0,,200.0,11.91
16.09.2021,Seagate,Game,75.0,56.0,,19.0,25.33
18.09.2021,PNY,PRO,46.1,33.0,,13.1,28.42
19.09.2021,Logitech,Keys,62.6,42.0,,20.6,32.91
20.09.2021,Sony,Cyber,506.0,379.0,,127.0,25.1
21.09.2021,Apple,iPhone,759.0,709.0,,50.0,6.59
22.09.2021,ASUS,ZenBook,1199.0,949.0,,250.0,20.85
23.09.2021,Nuki,Barillet,309.0,239.0,,70.0,22.65
24.09.2021,Acer,Nitro,269.0,189.0,,80.0,29.74
25.09.2021,Anycubic,i3,281.0,219.0,,62.0,22.06
26.09.2021,Norton,Deluxe,48.0,20.0,,28.0,58.33
27.09.2021,Samsung,Portable,82.0,53.0,,29.0,35.37
28.09.2021,Sony,KE,1523.0,1199.0,,324.0,21.27
29.09.2021,Sony,WH,399.0,269.0,,130.0,32.58
30.09.2021,Samsung,LS,399.0,289.0,,110.0,27.57
01.10.2021,Netgear,Hotspot,359.0,279.0,,80.0,22.28
02.10.2021,EcoFlow,Centrale,706.0,555.0,,151.0,21.39
03.10.2021,Thunr,X3,196.0,149.0,,47.0,23.98
04.10.2021,Samsung,QE,1064.0,899.0,,165.0,15.51
05.10.2021,Dell,Vostro,949.0,799.0,,150.0,15.81
06.10.2021,Arlo,Pro,849.0,669.0,,180.0,21.2
07.10.2021,Sandisk,Extreme,195.0,159.0,,36.0,18.46
08.10.2021,AOC,27G2U,265.0,165.0,,100.0,37.74
09.10.2021,Vitesse,NE,199.0,119.0,,80.0,40.2
10.10.2021,GoCrucial,MX,105.0,79.0,,26.0,24.76
11.10.2021,Dell,UltraSharp,669.0,529.0,,140.0,20.93
13.10.2021,ASUS,ZenBook,1299.0,999.0,,300.0,23.09
14.10.2021,Dell,OptiPlex,921.0,749.0,,172.0,18.68
15.10.2021,Bowers,Wilkins,314.0,219.0,,95.0,30.25
16.10.2021,Denon,Barre,869.0,629.0,,240.0,27.62
17.10.2021,Philips,Hue,152.0,119.0,,33.0,21.71
18.10.2021,Acer,Nitro,1599.0,1299.0,,300.0,18.76
19.10.2021,Samsung,Evo,37.0,30.0,,7.0,18.92
21.10.2021,Xqisit,OE,99.0,60.0,,39.0,39.39
22.10.2021,Brother,ADS,317.0,255.0,,62.0,19.56
23.10.2021,RODE,Wireless,169.0,129.0,less GO Vidéographie champ dapplication,40.0,23.67
24.10.2021,UE,Boom,183.0,111.0,3,72.0,39.34
25.10.2021,Logitech,MX,89.0,69.0,3 Sans fil,20.0,22.47
27.10.2021,Energizer,Recharge,46.6,29.9,Maxi Kit (piles rechargeables + chargeur 8pcs AA AAA 2000mAh),16.7,35.84
28.10.2021,Thunder,X3,202.0,139.0,Yama1,63.0,31.19
30.10.2021,LG,Wing,849.0,699.0,128 Go Aurora Gray 6.80  Double SIM hybride 64 Mpx 5G,150.0,17.67
31.10.2021,Beosound,Stage,1326.0,1099.0,bluetooth WiFi Airplay 2 multipaires,227.0,17.12
01.11.2021,ASUS,ZenBook,1899.0,1499.0,S 13.90  Intel Core i7-1165G7 16 Go 1000 Go,400.0,21.06
02.11.2021,LG,UltraGear,249.0,179.0, 27GN600-B 27  1920 x 1080 pixels,70.0,28.11
03.11.2021,Varta,Longlife,37.8,22.9,Power set (48 pcs AAA / LR03 / Micro / AA / LR6 / Mignon),14.9,39.42
04.11.2021,Joule,Performance,427.0,299.0,Raid Alcantara23223200:00:00,128.0,29.98
05.11.2021,Samsung,Bar,44.0,27.0,Plus V1 2x Bundle 64 Go USB Type A 3.0 3.1,17.0,38.64
06.11.2021,realme,GT,341.0,279.0,Master 128 Go Cosmos Black 6.43  Double SIM 64 Mpx 5G,62.0,18.18
07.11.2021,Moleskine,Smart,160.0,129.0,Writing Set Ellipse A5 rayures PointillÃ©s couverture rigide,31.0,19.38
08.11.2021,Acer,Nitro,1599.0,1349.0,50 Intel Core i7-11700F 16 Go 1024 Go SSD,250.0,15.63
09.11.2021,TP,Link,25.9,18.0,TL-SG105 5 Ports,7.9,30.5
10.11.2021,Targus,DV,229.0,189.0,4K universel 2 x HDMI 2 x DisplayPort 60 W USB Type A USB C,40.0,17.47
13.11.2021,Kingston,XS,268.0,229.0,2000 2000 Go,39.0,14.55
14.11.2021,Pure,Evoquer,249.0,199.0,C-D4 DAB+ DAB FM Bluetooth,50.0,20.08
15.11.2021,Acer,Nitro,1199.0,899.0,5 15.60  Intel Core i5-11400H 16 Go 1000 Go,300.0,25.02
16.11.2021,Logitech,brio,199.0,139.0,stream 8.80 Mpx,60.0,30.15
17.11.2021,ToWD,Elements,338.0,259.0,Desktop 14 To,79.0,23.37
18.11.2021,QNAP,TS,655.0,489.0,-451+-8G 0 To,166.0,25.34
19.11.2021,Samsung,LS,259.0,159.0,27AM500NRXEN 27  1920 x 1080 pixels,100.0,38.61
20.11.2021,Netgear,Système,464.0,349.0,mesh Orbi WiFi 6 AX4200 RBK752,115.0,24.78
21.11.2021,Energizer,Ultimate,47.6,35.9,Lithium 20er Set (20Stk AA / LR6 / Mignon) ,11.7,24.58
22.11.2021,Dell,UltraSharp,413.0,319.0,U2722D 27  2560 x 1440 pixels,94.0,22.76
23.11.2021,Microsoft,Xbox,303.9,259.0,Series S + Game Pass Ultimate 3 mois100:00:00,44.9,14.77
24.11.2021,Dell,Latitu,1264.0,929.0,de 5520 15.60  Intel Core i5-1135G7 16 Go 256 Go,335.0,26.5
25.11.2021,Rode,videoMic,179.0,139.0,Pro R,40.0,22.35
27.11.2021,Zoom,H5,238.0,199.0,portable,39.0,16.39
28.11.2021,MSI,MPG,156.0,99.0,X570 Gaming Plus AM4 AMD X570 ATX,57.0,36.54
30.11.2021,MSI,Delta,1849.0,1499.0,15 15.60  AMD Ryzen 9 5900HX 16 Go 1000 Go,350.0,18.93
26.12.2021,ASUS,ROG,2244.0,1799.0,Zephyrus G14 14  AMD Ryzen 9 5900HS 32 Go 1000 Go,445.0,19.83
28.12.2021,Varta,LCD,42.7,29.9,Plug Charger kit (8pcs AA et AAA 100mAh piles et chargeur),12.8,29.98
29.12.2021,Microsoft,Office,279.0,199.0,Famille et Petite Entreprise 2021 (Illimité 1,80.0,28.67
30.12.2021,Acer,Aspire,749.0,599.0,5 15.60  AMD Ryzen 5 5500U 16 Go 512 Go,150.0,20.03
31.12.2021,Apple,iPhone,999.0,889.0,11 Pro 256 Go Gris sidéral 5.80  SIM + eSIM 12 Mpx 4G,110.0,11.01
01.01.2022,Aukey,Pro,55.0,25.0,2 Mpx,30.0,54.55
02.01.2022,Xtorm,USB,83.8,59.0,Charger XA031 Travel Bundle 65 W Quick Charge 3.0 Power Delivery 3.0,24.8,29.59
03.01.2022,Acer,Nitro,267.0,169.0,VG272P 27  1920 x 1080 pixels,98.0,36.7
04.01.2022,Dell,Latitude,1199.0,899.0,3420 14  Intel Core i5-1145G7 16 Go 512 Go,300.0,25.02
05.01.2022,Nextbase,GW,341.0,259.0,récepteur GPS 4K,82.0,24.05
06.01.2022,smarts,VoltHub,138.0,95.0,20000 mAh 160 W,43.0,31.16
07.01.2022,Energizer,Max,59.7,32.9,Alkaline Set (60 pcs AAA AA),26.8,44.89
08.01.2022,Samsung,Galaxy,620.0,539.0,S20 FE 5G EU 128 Go Cloud Navy 6.50  Double SIM hybride 12 Mpx 5G,81.0,13.06
11.01.2022,ASUS,ROG,2945.0,2299.0,Strix SCAR 17 17.30  AMD Ryzen 9 5900HX 16 Go 1000 Go,646.0,21.94
12.01.2022,L33T,Energy,200.0,149.0,,51.0,25.5
13.01.2022,HP,Victus,999.0,799.0,16.10  AMD Ryzen 5 5600H 16 Go 512 Go,200.0,20.02
14.01.2022,Rolling,Square,36.9,24.9,inCharge X6 0.07 m,12.0,32.52
15.01.2022,Devolo,Répétiteur,73.0,49.0,WiFi 5 1200600:00:00,24.0,32.88
16.01.2022,Blue,Yeti,120.0,99.0,Studio Broadcast home studio Vidéographie baladodiffusion,21.0,17.5
17.01.2022,Acer,Aspire,899.0,699.0,5 15.60  AMD Ryzen 7 5700U 16 Go 1000 Go,200.0,22.25
18.01.2022,Dell,P2422H,239.0,189.0,24  1920 x 1080 pixels,50.0,20.92
19.01.2022,prolongation,garantieEpson,,399.0,ET-5170 EcoTank Réservoir dencre Couleur,,
20.01.2022,Samsung,Galaxy,999.0,888.0,Z Flip3 5G CH 256 Go Phantom Black 6.70  SIM + eSIM 12 Mpx 5G,111.0,11.11
21.01.2022,Microsoft,Casque,85.1,65.0,sans fil moderne Sans fil,20.1,23.62
22.01.2022,Netatmo,Sonnette,305.0,235.0,vidéo connecter WiFi,70.0,22.95
23.01.2022,Bose,Sleepbuds,237.0,189.0,II8400:00:00,48.0,20.25
24.01.2022,LG,HU,2095.0,1689.0,80KSW Presto 4K 2500 lm 4k Enhanced Laser 30 dB,406.0,19.38
25.01.2022,Acer,Nitro,1599.0,1299.0,N50 Intel Core i7-11700F 16 Go 1024 Go SSD,300.0,18.76
26.01.2022,Netgear,RAX,399.0,239.0,120 Nighthawk,160.0,40.1
27.01.2022,Norton,360,48.4,29.0,Deluxe (15 Mt. 5x Android iOs Windows Mac version complète),19.4,40.08
28.01.2022,Canon,PIXMA,61.6,35.0,TS3450 Encre Couleur,26.6,43.18
29.01.2022,Aftershokz,OpenMove,99.0,66.0,,33.0,33.33
30.01.2022,Noxon,Jura,262.0,199.0,webradio DAB+ DAB WiFi Bluetooth,63.0,24.05
31.01.2022,ASUS,ZenBook,1299.0,949.0,13 13.30  Intel Core i7-1165G7 16 Go 512 Go,350.0,26.94
01.02.2022,Samsung,Portable,138.0,109.0,T7 Touch (1000 GB),29.0,21.01
03.02.2022,Sandisk,Nintendo,50.9,39.0,Switch microSDXC 256 Go U3 UHS-I,11.9,23.38
04.02.2022,MSI,Katana,1599.0,1299.0,GF76 17.30  Intel Core i7-11800H 8 Go 512 Go,300.0,18.76
05.02.2022,IT,Dusters,78.4,50.0,CompuCleaner Xpert,28.4,36.22
06.02.2022,Drift,DR,309.0,229.0,,80.0,25.89
07.02.2022,Samsung,HW,970.0,699.0,-Q950T 1 x 546 W,271.0,27.94
08.02.2022,Sony,OLED,1451.0,999.0,XR55A80J 4K OLED 2021 55 ,452.0,31.15
09.02.2022,Logitech,G,109.0,79.0,G502 Lightspeed Sans fil,30.0,27.52
10.02.2022,BenQ,PD,713.0,579.0,3200U 3840 x 2160 pixels 32 ,134.0,18.79
11.02.2022,Vitesse,Ultimate,119.0,79.0,491 NE-1160 111,40.0,33.61
12.02.2022,King,Controller,260.0,209.0,Gachette numérique et bumper PS5,51.0,19.62
13.02.2022,RODE,Wireless,163.0,129.0,GO Vidéographie champ dapplication,34.0,20.86
14.02.2022,Samsung,LU,369.0,249.0,28R550UQRXEN 3840 x 2160 pixels 28 ,120.0,32.52
15.02.2022,Acer,Aspire,549.0,439.0,3 15.60  Intel Core i3-1115G4 8 Go 256 Go,110.0,20.04
16.02.2022,Samsung,Galaxy,979.0,777.0,S21+ 256 Go Phantom Black 6.70  Double SIM 12 Mpx 5G,202.0,20.63
17.02.2022,Arlo,Ultra,953.0,639.0,2 VMS5440B-200EUS 4er-Set 3840 x 2160 pixels,314.0,32.95
18.02.2022,Canon,Imprimante,125.0,89.0,photo mobile Zoemini Thermodirecte Couleur,36.0,28.8
19.02.2022,Philips,TAT,121.0,49.0,8505 ANC,72.0,59.5
20.02.2022,Pure,Evoke,399.0,299.0,C-F6 webradio DAB+ DAB WiFi Bluetooth,100.0,25.06
21.02.2022,Adobe,Creative,149.0,99.0,Cloud Photography Plan 20 go,50.0,33.56
22.02.2022,Intel,Core,629.0,479.0,i9-12900K LGA 1700 3.20 GHz 16 -Core,150.0,23.85
23.02.2022,HP,ProBook,934.0,699.0,455 G8 15.60  AMD Ryzen 7 5800U 16 Go 512 Go,235.0,25.16
24.02.2022,Crucial,X6,125.0,85.0,1000go,40.0,32.0
25.02.2022,Brother,HL,289.0,249.0,L5100dn Laser/LED Noir et blanc,40.0,13.84
26.02.2022,Wacom,Intuos,179.0,109.0,M USB 2540 lpi,70.0,39.11
27.02.2022,Urbanista,Los,164.0,119.0,Angeles ANC,45.0,27.44
28.02.2022,Apple,MacBook,1499.0,1299.0,Air Late 2020 13.30  M1 16 Go 512 Go,200.0,13.34
01.03.2022,Apple,iPhone,789.0,738.0,12 128 Go Noir 6.10  SIM + eSIM 12 Mpx 5G,51.0,6.46
02.03.2022,Dji,FPV,1179.0,959.0,Combo 20 min 795 g 12 Mpx,220.0,18.66
03.03.2022,Samsung,The,3277.0,2599.0,Premiere LSP7 120 pouces 4K 2200 lm WiFi Laser 32 dB,678.0,20.69
04.03.2022,Crucial,Laptop,152.0,109.0,Memory 1 x 32GB DDR4-3200 SO-DIMM 260 broches,43.0,28.29
05.03.2022,AOC,CU,619.0,449.0,34G3S/BK 3440 x 1440 pixels 34 ,170.0,27.46
06.03.2022,Philips,Hue,133.0,99.0,White & Color Ambiance BT kit de démarrage E27 6.50 W,34.0,25.56
07.03.2022,Lenovo,ThinkPad,949.0,699.0,E14 Gen 2 14  AMD Ryzen 7 4700U 16 Go 1000 Go,250.0,26.34
09.03.2022,Arozzi,Arena,299.0,259.0,14300:00:00,40.0,13.38
10.03.2022,Aukey,Sprint,95.0,75.0,Ultra 26800 mAh 65 W,20.0,21.05
11.03.2022,Canon,Boitierr,899.0,749.0,EOS RP 26.20 Mpx Plein format,150.0,16.69
12.03.2022,Polaroid,Hi,92.0,75.0,-Print 2x3 Pock Thermodirecte Couleur,17.0,18.48
13.03.2022,Teufel,Soixante,326.0,259.0,webradio DAB+ DAB Bluetooth,67.0,20.55
14.03.2022,Sony,OLED,1283.0,949.0,KE-48A9 4K OLED 2020 48 ,334.0,26.03
15.03.2022,Dell,Latitu,799.0,599.0,de 3520 15.60  Intel Core i5-1135G7 8 Go 256 Go,200.0,25.03
16.03.2022,Acer,Nitro,262.0,179.0,VG272S 1920 x 1080 pixels 27 ,83.0,31.68
17.03.2022,Crucial,50,233.0,169.0,/1ToCrucial X8 2000 Go,64.0,27.47
18.03.2022,Dji,Action,364.0,289.0,2 Power Combo 120p 4K,75.0,20.6
19.03.2022,CoreParts,W126091221,75.0,59.0, chargeur de batterie Lithium 20000mAh 65w,16.0,21.33
20.03.2022,Energizer,Recharge,52.4,29.9,Maxi Kit 8 pcs AA AAA 2000mAh + piles + chargeur,22.5,42.94
21.03.2022,Apple,Watch,449.0,385.0,Series 7 45mm Alu,64.0,14.25
22.03.2022,ASUS,VivoBook,799.0,529.0,14 14  Intel Core i5-1135G7 8 Go 512 Go,270.0,33.79
23.03.2022,Norton,360,55.1,29.0,Premium (1 j Windows Mac Os iOS Android Version complete,26.1,47.37
24.03.2022,Nacon,Gaming,149.0,99.0,Revolution Unlimited Pro PS4,50.0,33.56
25.03.2022,Arlo,Ultra,606.0,479.0,2 VMS5240B-200EUS 2er-Set 3840 x 2160 pixels,127.0,20.96
26.03.2022,Sandisk,Extreme,112.0,79.0,Pro microSD A2 microSDXC 512 Go U3 UHS-I,33.0,29.46
27.03.2022,tolino,Vision,205.9,160.0,6 housse Origami incl. 7  16 Go,45.9,22.29
28.03.2022,Sony,WF,89.0,69.0,-1000XM3 ANC,20.0,22.47
29.03.2022,HP,Omen,1599.0,1249.0,16.10  AMD Ryzen 7 5800H 16 Go 1000 Go,350.0,21.89
31.03.2022,Microsoft,Surface,69.0,49.0,Arc Sans fil,20.0,28.99
01.04.2022,WD,Red,223.0,189.0,Plus 8 To 3.5 CMR,34.0,15.25
02.04.2022,Belkin,Chargeur,102.0,75.0,2 en 1 Boost Charge Pro avec MagSafe 15 W,27.0,26.47
03.04.2022,Max,Hauri,50.9,35.0,Set gestion câbles,15.9,31.24
04.04.2022,Dji,Mavic,1059.0,789.0,Air 2 Fly More Combo 34 min 570 g 48 Mpx,270.0,25.5
05.04.2022,Logitech,MX,95.0,69.0,Master 3 Sans fil,26.0,27.37
06.04.2022,Lenovo,IdeaPad,649.0,399.0,Flex 5 156 Intel Core i3-1115G4 8go 256 go,250.0,38.52
07.04.2022,Logitec,SteamCam,125.0,89.0,2mpx,36.0,28.8
08.04.2022,Netgear,Système,690.0,439.0,mesh Orbi Wifi 6 AX4200,251.0,36.38
09.04.2022,Nintendo,Paper,40.0,28.9,Mario: The Origami King (switch multilingue),11.1,27.75
10.04.2022,Klipsch,The,929.0,699.0,Fives 1 paire 320 W,230.0,24.76
11.04.2022,Acer,Aspire,899.0,649.0,5 15.60  AMD Ryzen 7 5700U 16 Go 1000 Go,250.0,27.81
12.04.2022,Logitech,Ergo,188.0,149.0,Bundle K860 + MX Vertical CH Sans fil,39.0,20.74
13.04.2022,Varta,Longlife,37.8,22.0,Power Set 48 pcs AAA AA,15.8,41.8
14.04.2022,Acer,RT,189.0,99.0,240Y 1920 x 1080 pixels 24 ,90.0,47.62
15.04.2022,Nothing,Ear,95.0,79.0,1,16.0,16.84
16.04.2022,Philips,TAM,273.0,199.0,8905/10 1 x 100 W Spotify Connect Bluetooth WiFi Lecteur de CD,74.0,27.11
17.04.2022,Xtorm,XP,445.0,349.0,300U Power Station,96.0,21.57
18.04.2022,Microsoft,Surface,87.6,50.0,Keyboard CH Sans fil,37.6,42.92
19.04.2022,Dji,Mavic,5199.0,4499.0,3 Cine Premium Combo 46 min 899 g 20 Mpx,700.0,13.46
20.04.2022,Energizer,Kit,75.0,29.0,Max Alcaline 60 pcs AAA AA,46.0,61.33
21.04.2022,Dell,Latitu,1701.0,1199.0,de 7420 14  Noyau i7-1185G7 16 Go 512 Go,502.0,29.51
22.04.2022,WD,Black,199.0,149.0,SN850 with Heatsink [Retail]1000 Go M.2 22801100:00:00,50.0,25.13
23.04.2022,Razer,Hammerhead,149.0,99.0,True Wireless Pro3000:00:00,50.0,33.56
24.04.2022,Denon,CEOL,526.0,429.0,N102 x 65 W Lecteur de CD WiFi Bluetooth Multiroom Airplay Spotify Connect4400:00:00,97.0,18.44
25.04.2022,ASUS,TUF,339.0,249.0,Gaming VG27AQ1A2560 x 1440 pixels 27 3300:00:00,90.0,26.55
26.04.2022,ASUS,ZenBook,1449.0,979.0,14 Flip OLED14  AMD Ryzen 7 5800H 16 Go 512 Go00:00:00,470.0,32.44
27.04.2022,Joule,Force,2499.0,1799.0,Nuke RTX 3070TI II7 SEIntel Core i7-11700F 16 Go 1000 Go SSD00:00:00,700.0,28.01
28.04.2022,Withings,ScanWatch,253.0,209.0,42 mm Acier inoxydable33100:00:00,44.0,17.39
29.04.2022,TP,Link,60.1,45.0,RÃ©pÃ©titeur Wi-Fi RE5501300 Mbit/s 600 Mbit/s4600:00:00,15.1,25.12
30.04.2022,Arca,Up,605.0,489.0,Bandai Namco Pac Man Legacy Edition1300:00:00,116.0,19.17
01.05.2022,TomTom,GO,138.0,99.0,Classic6 1400:00:00,39.0,28.26
02.05.2022,Apple,MacBook,1699.0,1529.0,Pro â Late 202013.30  M1 16 Go 512 Go19600:00:00,170.0,10.01
03.05.2022,OPPO,Reno,729.0,569.0,6 Pro256 Go Gris lunaire. 6.50  Double SIM 50 Mpx 5G2900:00:00,160.0,21.95
04.05.2022,HP,ProBook,922.0,699.0,455 G815.60  AMD Ryzen 7 5800U 16 Go 512 Go1600:00:00,223.0,24.19
05.05.2022,Technology,Juice,,819.0,Technology Juice Booster 2 German Traveller SetCEE 7/7 CEE16 bleu CEE16 rouge CEE32 rouge 22 kW 32 A Type 21200:00:00,,
06.05.2022,BenQ,GW,210.0,149.0,27801920 x 1080 pixels 27 37500:00:00,61.0,29.05
07.05.2022,Sandisk,Ultra,159.0,119.0,Dual Drive Luxe1000 Go USB C USB Type A 3.181900:00:00,40.0,25.16
08.05.2022,JBL,Project,156.0,99.0,Rock Under Armour Flash X3700:00:00,57.0,36.54
09.05.2022,Acer,Nitro,2199.0,1199.0,515.60  AMD Ryzen 7 5800H 16 Go 1000 Go 1000 Go100:00:00,1000.0,45.48
10.05.2022,Apple,Watch,282.0,234.0,SE,48.0,17.02
11.05.2022,Phiips,346E2CUAE,509.0,359.0,3440x1440 34,150.0,29.47
12.05.2022,Klipsch,Set,1792.0,999.0,home cinema Advanced,793.0,44.25
13.05.2022,QNAP,TS,597.0,499.0,-253D-4G2 x 4 To WD Red Plus00:00:00,98.0,16.42
14.05.2022,Canon,EOS,1728.0,1379.0,R Kit F/4-7.1 IS STM24 - 105 mm 30.30 Mpx Plein format1500:00:00,349.0,20.2
15.05.2022,Cellularline,Brassard,38.0,25.0,de fitnessSmartphones jusquÃ  551200:00:00,13.0,34.21
16.05.2022,LG,OLED,1399.0,1177.0,55G194K OLED 2021 55 4600:00:00,222.0,15.87
17.05.2022,OnePlus,9,575.0,499.0,8go - 128go Astral Noir 6.55 double sim 48 mpx,76.0,13.22
18.05.2022,Sennheiser,CX,149.0,99.0,Plus True WirelessANC00:00:00,50.0,33.56
19.05.2022,Dell,Latitu,785.0,599.0,de 352015.60  Intel Core i5-1135G7 8 Go 256 Go300:00:00,186.0,23.69
20.05.2022,IT,Dusters,69.0,53.0,CompuCleaner Xpert40000:00:00,16.0,23.19
21.05.2022,Netgear,RBK,230.0,189.0,353 Orbi WiFi 6 Dual Band set de 32700:00:00,41.0,17.83
22.05.2022,Drift,DR,273.0,189.0,500600:00:00,84.0,30.77
23.05.2022,ASUS,VivoBook,799.0,499.0,1414  Intel Core i5-1135G7 8 Go 512 Go700:00:00,300.0,37.55
24.05.2022,Arlo,Ultra,899.0,639.0,2 VMS5440B-200EUS set de 43840 x 2160 pixels19700:00:00,260.0,28.92
25.05.2022,Brother,Scanner,409.0,349.0,ADS-2800W1 x Ethernet WiFi4900:00:00,60.0,14.67
26.05.2022,Lenovo,Tab,499.0,389.0,P115G 11  256 Go Modernist Teal300:00:00,110.0,22.04
27.05.2022,HORI,Racing,108.0,85.0,Wheel APEX PS5300:00:00,23.0,21.3
28.05.2022,Sandisk,Extreme,59.9,46.0,Pro SDXC U3SDXC 256 Go U3 UHS-I212500:00:00,13.9,23.21
29.05.2022,Onkyo,TX,582.0,479.0,-NR6967.2 canaux FM AM3700:00:00,103.0,17.7
30.05.2022,Acer,Aspire,899.0,599.0,515.60  AMD Ryzen 7 5700U 16 Go 1000 Go1500:00:00,300.0,33.37
31.05.2022,Microsoft,Office,279.0,199.0,Famille et petite entreprise 2021 illimité 1x Windows mac Os ,80.0,28.67
01.06.2022,LG,HU,2829.0,2349.0,810PW4K 2700 lm Laser 4k Enhanced Laser 28 dB1600:00:00,480.0,16.97
02.06.2022,Sony,Cyber,519.0,359.0,-shot DSC RX100 III24 - 70 mm 20.10 Mpx 112200:00:00,160.0,30.83
03.06.2022,TwelveSouth,HoverBar,81.6,59.0,Duo2600:00:00,22.6,27.7
04.06.2022,HP,MKCH,117.0,89.0,Sans fil1800:00:00,28.0,23.93
05.06.2022,SBS,Selfie,71.2,50.0,Ring Light avec trépied400:00:00,21.2,29.78
06.06.2022,WD,Blue,99,69,SN5501000 Go M.2 228027000:00:00
07.06.2022,HP,ProBook,922.0,699.0,455 G815.60  AMD Ryzen 7 5800U 16 Go 512 Go2500:00:00,223.0,24.19
08.06.2022,ASUS,GeForce,1250.0,999.0,TUF RTX 3080 GAMING12 Go300:00:00,251.0,20.08
09.06.2022,ASUS,TUF,269,199,Gaming VG279QM1920 x 1080 pixels 27 8900:00:00
10.06.2022,Energizer,Recharge,46.6,29.0,Maxi Kit8 pcs AA AAA 2000 mAh Piles rechargeables + chargeur900:00:00,17.6,37.77
11.06.2022,Dji,OM,160.0,129.0,516200:00:00,31.0,19.38
12.06.2022,Dji,Action,508.9,379.0,2 Dual-Screen Combo120p 4K00:00:00,129.9,25.53
14.06.2022,Acer,Nitro,1099.0,749.0,N50Intel Core i5-11400F 16 Go 1024 Go SSD500:00:00,350.0,31.85
15.06.2022,noblechairs,EPIC,369.0,299.0,145700:00:00,70.0,18.97
16.06.2022,Abus,Caméra,233.0,169.0,de surveillance WiFi outdoor pivotante/inclinable1920 x 1080 pixels400:00:00,64.0,27.47
17.06.2022,Harting,Câble,233.0,179.0,de recharge pour voiture électriqueType 2 22 kW 32 A 7.50 m200:00:00,54.0,23.18
18.06.2022,Blue,Yeti,140.0,99.0,XStudio Broadcast home studio baladodiffusion2900:00:00,41.0,29.29
19.06.2022,Withings,ScanWatch,312.0,229.0,38 mm Acier inoxydable37000:00:00,83.0,26.6
20.06.2022,Microsoft,Surface,1158.0,899.0,Laptop 415  AMD Ryzen 7 4980U 8 Go 256 Go2000:00:00,259.0,22.37
21.06.2022,Sony,XR,899.0,599.0,55X90J4K LCD/LED 2021 55 2000:00:00,300.0,33.37
22.06.2022,Lenovo,Yoga,549.0,439.0,Tab 1313  128 Go Noir de lombre3500:00:00,110.0,20.04
23.06.2022,Acer,Nitro,215.0,129.0,QG271bii1920 x 1080 pixels 27 10100:00:00,86.0,40.0
24.06.2022,Kingston,XS,253.0,199.0,20002000 Go1900:00:00,54.0,21.34
25.06.2022,Aukey,PA,45.2,37.0,-PD20 2-en-1 chargeur et chargeur de secours20 W100:00:00,8.2,18.14
26.06.2022,Nixplay,Cadre,189.0,126.0,photo numérique connect 1280 x 800 pixels1600:00:00,63.0,33.33
27.06.2022,Dell,Latitu,1110.0,799.0,de 542014  Intel Core i5-1145G7 16 Go 256 Go00:00:00,311.0,28.02
28.06.2022,Samsung,Galaxy,222.0,169.0,Tab A84G 10.50  32 Go gris1500:00:00,53.0,23.87
29.06.2022,Sony,WF,135.0,66.0,-1000XM3ANC111100:00:00,69.0,51.11
30.06.2022,Samsung,LS,355.0,299.0,34J550WQRXEN3440 x 1440 pixels 34 21000:00:00,56.0,15.77
01.07.2022,Crucial,MX,375.0,299.0,5004000 Go 2.5101000:00:00,76.0,20.27
02.07.2022,Olympus,BoÃ®tier,1499.0,1149.0,OM-D E-M1 Mark III20.40 Mpx Micro Four Thirds3300:00:00,350.0,23.35
04.07.2022,Apple,MacBook,2249.0,1779.0,Pro 13 â Late 202013.30  M1 16 Go 2000 Go4300:00:00,470.0,20.9
05.07.2022,ASUS,ROG,3945.0,2999.0,Strix GA35DXAMD Ryzen 9 5900X 32 Go 2000 Go SSD00:00:00,946.0,23.98
06.07.2022,Canon,EOS,1668.0,1379.0,R Kit F/4-7.1 IS STM24 - 105 mm 30.30 Mpx Plein format1600:00:00,289.0,17.33
07.07.2022,HP,M404dn,255.0,199.0,LaserJet ProLaser Noir et blanc14100:00:00,56.0,21.96
08.07.2022,Samsung,Portable,77.0,55.0,T7 Blue500 Go151400:00:00,22.0,28.57
09.07.2022,Zens,in,143.0,99.0,1 Magnetic Alu Charger30 W400:00:00,44.0,30.77
10.07.2022,Sandisk,Nintendo,104.0,79.0,SwitchmicroSDXC 512 Go U1 UHS-I82100:00:00,25.0,24.04
11.07.2022,Gigabyte,Aorus,3399.0,2499.0,Model SAMD Ryzen 9 5900X 32 Go 3000 Go00:00:00,900.0,26.48
12.07.2022,Netgear,MR,769.0,599.0,5200 Nighthawk M5 5G WiFi 68300:00:00,170.0,22.11
13.07.2022,Technology,Set,,949.0,Juice Booster 2 Swiss EVCEE32 rouge CEE16 rouge Type 2 Type 13 22 kW 32 A Type 21000:00:00,,
14.07.2022,HP,E24mv,249.0,189.0,G41920 x 1080 pixels 24 100:00:00,60.0,24.1
15.07.2022,TCL,43P6154K,326.0,269.0,LCD 2020 43 10600:00:00,57.0,17.48
16.07.2022,PNY,Pro,198.0,99.0,Elite1000 Go USB Type A 3.04100:00:00,99.0,50.0
17.07.2022,Varta,Kit,41.7,29.9,LCD Plug Charger (8pcs AA AAA 1000 mAh piles + rechargeur),11.8,28.3
18.07.2022,Logitech,MX,91.9,59.0,MasterÂ Mac EditionSans fil59300:00:00,32.9,35.8
19.07.2022,DJI,Mavic,2499.0,2099.0,3 Fly More Combo46 min 895 g 20 Mpx3600:00:00,400.0,16.01
21.07.2022,Adobe,Creative,149.0,99.0,Cloud Photography Plan 20go (Windows et Mac)
22.07.2022,Jabra,Elite,153.0,119.0,7 ActiveANC2700:00:00,34.0,22.22
23.07.2022,Arlo,Pro,599.0,499.0,4 Spotlight VMC4450P-100EUS set de 42688 x 1520 pixels11500:00:00,100.0,16.69
24.07.2022,TI,Nspire,139.0,119.0,CX II-T CASBatterie43600:00:00,20.0,14.39
25.07.2022,Lenovo,ThinkPad,1059.0,779.0,E14 Gen 214  Intel Core i5-1135G7 16 Go 512 Go00:00:00,280.0,26.44
26.07.2022,Sony,ZV,672.0,549.0,-124 - 70 mm 20.10 Mpx 18300:00:00,123.0,18.3
27.07.2022,WD,Black,141.0,115.0,SN850 with heatsink1000 Go M.2 22809300:00:00,26.0,18.44
28.07.2022,Philips,Base,170.0,139.0,Hue Gradient Ambiance + extensionMulticolore9200:00:00,31.0,18.24
29.07.2022,Acer,Nitro,189.0,99.0,VG240Y1920 x 1080 pixels 24 19300:00:00,90.0,47.62
31.07.2022,Epson,EcoTank,446.0,379.0,ET-5170RÃ©servoir dencre Couleur6600:00:00,67.0,15.02
01.08.2022,LG,HU,2098.0,1649.0,80KSW Presto4K 2500 lm 4k Enhanced Laser 30 dB14200:00:00,449.0,21.4
02.08.2022,Acer,Aspire,804.0,599.0,315.60  Intel Core i5-1135G7 16 Go 512 Go2100:00:00,205.0,25.5
03.08.2022,MSI,MEG,2295.0,1799.0,Infinite X 11Intel Core i7-11700KF 16 Go 1000 Go 1 To HDD SSD00:00:00,496.0,21.61
04.08.2022,Samsung,Galaxy,254.0,189.0,A52128 Go Lavande 6.50  Double SIM 64 Mpx 4G45000:00:00,65.0,25.59
05.08.2022,Canon,EOS,1084.0,829.0,90D boitier 32.50 Mpx APS-C / DX7400:00:00,255.0,23.52
06.08.2022,Netatmo,Capteur,109.0,85.0,de qualitÃ© de lair connectÃ©7600:00:00,24.0,22.02
07.08.2022,Sony,OLED,1283.0,799.0,KE-48A9 4K OLED 2020 48 ,484.0,37.72
08.08.2022,HP,ProBook,890.0,749.0,445 G8 14  AMD Ryzen 7 5800U 16 Go 512 Go CH,141.0,15.84
09.08.2022,Lenovo,Tab,499.0,349.0,P11 5G 11  256 Go Modernist Teal,150.0,30.06
10.08.2022,Apple,iMac,1431.0,1249.0,â 2021 24  M1 8 Go 256 Go SSD,182.0,12.72
11.08.2022,BenQ,GW,209.0,149.0,2780 1920 x 1080 pixels 27 ,60.0,28.71
12.08.2022,Canon,Imprimante,105.0,89.0,photo mobile Zoemini Thermodirecte Couleur,16.0,15.24
13.08.2022,UE,Wonderboom,107.0,79.0,(13h),28.0,26.17
14.08.2022,Kingston,FURY,243.0,199.0,Renegade 2000 Go M.2 2280,44.0,18.11
15.08.2022,Logitech,G,106.0,59.0,G502 Lightspeed Sans fil,47.0,44.34
16.08.2022,Dell,Vostro,809.0,599.0,5510 15.60  Intel Core i5-11320H 16 Go 512 Go CH,210.0,25.96
17.08.2022,TP,Link,339.0,229.0,SystÃ¨me mesh Deco X50 set de 3200:00:00,110.0,32.45
18.08.2022,TomTom,GO,295.0,199.0,Discover EU 7 ,96.0,32.54
19.08.2022,SumUp,Kit,149.0,109.0,3G + imprimante8700:00:00,40.0,26.85
20.08.2022,Sony,Kit,489.0,379.0,Alpha 6000 16 - 50 mm 24 Mpx APS-C / DX,110.0,22.49
21.08.2022,SanDisk,Extreme,209.0,159.0,microSD A2 microSDXC 1000 Go U3 UHS-I,50.0,23.92
22.08.2022,Xtorm,SolarBooster,183.0,149.0,21W+Rugged Powbank 10000 mAh,34.0,18.58
23.08.2022,ASUS,ProArt,2862.0,2099.0,StudioBook 16 16  AMD Ryzen 9 5900HX 32 Go 2000 Go CH,763.0,26.66
24.08.2022,AOC,CU,459.0,379.0,34G2X/BK 3440 x 1440 pixels 34 ,80.0,17.43
25.08.2022,Rolling,Square,24.5,19.0,inCharge X6 0.07 m,5.5,22.45
26.08.2022,Kingston,DataTraveler,119.0,99.0,Max 1000 Go USB C 3.2,20.0,16.81
27.08.2022,Corsair,T3,275.0,229.0,Rush31200:00:00,46.0,16.73
28.08.2022,LG,DSP,546.0,399.0,8YA200:00:00,147.0,26.92
29.08.2022,Microsoft,Xbox,300.9,259.0,Series S + Game Pass Ultimate 3 mois800:00:00,41.9,13.92
31.08.2022,Philips,PUS,849.0,649.0,8506 Ambilight 4K LED 2021 65 ,200.0,23.56
02.09.2022,Microsoft,Casque,86.0,65.0,sans fil moderne Sans fil,21.0,24.42
03.09.2022,Energizer,Max,50.2,29.9,Alkaline Bundle(48pcs AAA AA),20.3,40.44
04.09.2022,Samsung,Portable,72.0,50.0,T7 Blue 500 Go,22.0,30.56
05.09.2022,Sony,OLED,1146.0,969.0,XR55A80J 4K OLED 2021 55 ,177.0,15.45
06.09.2022,Dell,XPS,2299.0,1499.0,15 9510 15.60  Intel Core i7-11800H 16 Go 512 Go CH,800.0,34.8
07.09.2022,Corsair,K100,270.0,169.0,CH Filaire,101.0,37.41
08.09.2022,IT,Dusters,69.0,53.0,CompuCleaner Xpert45800:00:00,16.0,23.19
09.09.2022,Brother,HL,289.0,199.0,-L5100dn Laser Noir et blanc,90.0,31.14
10.09.2022,Aukey,USB,35.9,22.0,A â USB Type-C Nylon pack de 5114900:00:00,13.9,38.72
11.09.2022,Chipolo,Smart,68.3,50.0,Tracker Spot Bundle200:00:00,18.3,26.79
12.09.2022,ASUS,ROG,3999.0,2999.0,Strix GA35 AMD Ryzen 9 5900X 32 Go 2000 Go PCIe Card SSD,1000.0,25.01
13.09.2022,HP,M283fdw,499.0,399.0,Color LaserJet Pro Laser Couleur,100.0,20.04
15.09.2022,Nikon,Boitier,2549.0,2149.0,D850 45.70 Mpx Plein format,400.0,15.69
16.09.2022,Lenovo,ThinkVision,248.0,179.0,M14 1920 x 1080 pixels 14 ,69.0,27.82
17.09.2022,Miami,ANC,,89.0,50 h,,
18.09.2022,ZenWiFi,Pro,,549.0,XT12 Wi-Fi 6300:00:00,,
19.09.2022,Swift,Intel,,599.0,Core i7-1165G7 16 Go 512 Go,,
20.09.2022,Sandberg,Solar,103.0,79.0,6-Panel 20000 mAh 20 W,24.0,23.3
22.09.2022,Acer,Nitro,263.0,159.0,VG272S 1920 x 1080 pixels 27 ,104.0,39.54
23.09.2022,Varta,Kit,41.5,29.0,LCD Plug Charger 8 pcs AAA AA 1000 mAh Piles rechargeables + chargeur,12.5,30.12
24.09.2022,Aukey,Omnia,72.9,50.0,PA-B6S + cÃ¢ble USB C 90 W Technologie GaN Power Delivery 3.0 Charge rapide 4.0 Charge rapide adaptative,22.9,31.41
25.09.2022,Logitech,MX,106.0,79.0,Keys Plus CH Sans fil,27.0,25.47
27.09.2022,HP,ProBook,890.0,699.0,445 G8 14  AMD Ryzen 7 5800U 16 Go 512 Go CH,191.0,21.46
28.09.2022,SanDisk,Extreme,119.0,93.0,PRO SDXC SDXC 512 Go U3 UHS-I,26.0,21.85
29.09.2022,Dell,C2722DE,379.0,249.0,2560 x 1440 pixels 27 ,130.0,34.3
30.09.2022,Norton,Deluxe,45.0,27.0,15 Mt. 5 x Mac OS Windows iOS Android Version complète 13618:04:51],18.0,40.0
01.10.2022,HP,LaserJet,116.0,89.0,M110we Laser Noir et blanc,27.0,23.28
02.10.2022,SanDisk,Ultra,182.0,155.0,3D 2000 Go 2.5,27.0,14.84
03.10.2022,Joule,Force,1530.0,1149.0,Nuke RTX3060 II7 Intel Core i7-11700F 16 Go 500 Go 1 To HDD SSD,381.0,24.9
04.10.2022,Netgear,RAX,285.0,179.0,120 Nighthawk 5G WiFi 6,106.0,37.19
05.10.2022,Acer,Aspire,943.0,699.0,5 15.60  Intel Core i7-1165G7 16 Go 1000 Go CH,244.0,25.87
06.10.2022,Viewsonic,M2,613.0,499.0,Full HD 1200 lm 1.23:1,114.0,18.6
07.10.2022,Logitech,Ergo,91.4,75.0,K860 CH Sans fil,16.4,17.94
08.10.2022,Pale,Blue,35.0,28.0,AA pack de 4 4 pcs AA 1560 mAh Batterie,7.0,20.0
09.10.2022,Netatmo,SystÃ¨me,336.0,265.0,dalarme set Security,71.0,21.13
10.10.2022,Lenovo,ThinkPad,1099.0,849.0,E15 Gen 2 15.60  Intel Core i5-1135G7 16 Go 512 Go CH,250.0,22.75
11.10.2022,Netgear,RBK,267.0,179.0,353 Orbi WiFi 6 Dual Band set,88.0,32.96
12.10.2022,Kingston,KC,209.0,179.0,3000 2048 Go M.2 2280,30.0,14.35
13.10.2022,Razer,Hammerhead,186.0,99.0,True Wireless Pro 16 h,87.0,46.77
14.10.2022,Logitech,G,258.0,209.0,G29 Driving Force PlayStation PC,49.0,18.99
15.10.2022,LG,OLED,1006.0,777.0,55C17 4K OLED 2021 55 ,229.0,22.76
16.10.2022,AOC,C27G2ZU,279.0,199.0,/BK 1920 x 1080 pixels 27 ,80.0,28.67
17.10.2022,Lenovo,V15,599.0,399.0,Gen 2 15.60  Intel Core i3-1115G4 8 Go 256 Go CH,200.0,33.39
18.10.2022,LG,HU,1399.0,949.0,70LS 4K 1500 lm 1.2 - 1.5:1,450.0,32.17
19.10.2022,Canon,BoÃ®tier,2264.0,1899.0,EOS 5D Mark IV 30.40 Mpx Plein format,365.0,16.12
20.10.2022,ASUS,ExpertCenter,782.0,599.0,D5 Intel Core i5-11400 16 Go 512 Go SSD,183.0,23.4
21.10.2022,Netgear,LAX,299.0,199.0,20-100EUS 4G LTE WiFi,100.0,33.44
22.10.2022,ASUS,VP,294.0,199.0,28UQGL 3840 x 2160 pixels 28,95.0,32.31
23.10.2022,Harman,Boombox,539.0,399.0,3 24 h Fonctionnement sur batterie,140.0,25.97
25.10.2022,Samsung,QE,1999,1499,75QN90A 4K NeoQLED VA 2021 75
26.10.2022,Devolo,Kit,299.0,199.0,de dÃ©marrage Powerline Mesh WiFi 2 2400 Mbit/s,100.0,33.44
27.10.2022,Vava,4K,2439.0,1949.0,UST 4K 1800 lm 0.233:1,490.0,20.09
28.10.2022,Anda,seaT,459.0,369.0,Kaiser 3,90.0,19.61
29.10.2022,Disk2Go,Switch,32.0,19.9,lot de 2 64 Go USB Type A USB C 3.0,12.1,37.81
30.10.2022,AOC,U27V4EA,295.0,199.0,3840 x 2160 pixels 27 ,96.0,32.54
31.10.2022,Apple,iPhone,720.0,639.0,12 mini 256 Go Noir 5.40  SIM + eSIM 12 Mpx 5G,81.0,11.25
01.11.2022,LG,QNED,1741.0,999.0,999PB 8K Mini-LED 2021 65 ,742.0,42.62
02.11.2022,Acer,Nitro,359.0,199.0,XV280K 3840 x 2160 pixels 28 ,160.0,44.57
03.11.2022,Logitech,G,154.0,119.0,Pro X Lightspeed,35.0,22.73
04.11.2022,L33T,Energy,204.0,119.0,,85.0,41.67
05.11.2022,Einova,Power,130.0,99.9,Bar 10000 mAh 53 W,30.1,23.15
06.11.2022,Yamaha,RX,596.0,489.0,-V4A 5.2 canaux,107.0,17.95
07.11.2022,Philips,329P1H,593.0,449.0,/00 3840 x 2160 pixels 31.50 ,144.0,24.28
08.11.2022,HP,Omen,1349.0,899.0,16-c0600nz 16.10  AMD Ryzen 5 5600H 16 Go 512 Go CH,450.0,33.36
09.11.2022,BenQ,TH,689.0,529.0,575 Full HD 3800 lm 1.49 - 1.64:1,160.0,23.22
10.11.2022,Crucial,50,195.0,149.0,/1ToCrucial X8 2000 Go,46.0,23.59
11.11.2022,Energizer,Recharge,54.8,29.0,Maxi Kit 8 pcs AA AAA 2000 mAh Piles rechargeables + chargeur,25.8,47.08
12.11.2022,Crucial,Laptop,125.0,89.0,Memory 2 x 16GB SO-DIMM 260 x RAM DDR4 3200 MHz,36.0,28.8
13.11.2022,Nextbase,GW,299.0,229.0,récepteur GPS 4K,70.0,23.41
14.11.2022,WD,Red,549.0,469.0,Pro 20 To 3.5 CMR,80.0,14.57
15.11.2022,Huawei,MateView,429.0,349.0,GT 3440 x 1440 pixels 34 ,80.0,18.65
16.11.2022,Arlo,Ultra,909.0,659.0,2 SPotlight set de 4 noir 3840 x 2160 pixels,250.0,27.5
17.11.2022,Dell,Vostro,910.0,589.0,5510 15.60  Intel Core i5-11320H 16 Go 512 Go CH,321.0,35.27
18.11.2022,Lenovo,Legion,1499.0,1149.0,T5 Ryzen 7 5800 16 Go 2 To 1000 Go PCIe Card SSD HDD,350.0,23.35
19.11.2022,noblechairs,HERO,399.0,349.0,,50.0,12.53
20.11.2022,Corsair,K70,219.0,159.0,RGB Pro CH Filaire,60.0,27.4
21.11.2022,Cat,S42,249.0,199.0,H+ 32 Go Noir 5.50  Double SIM 13 Mpx 4G,50.0,20.08
29.11.2022,HP,HP,249.0,189.0,HP OfficeJet Pro 9012eEncre CouleurEncre,60.0,24.1
25.12.2022,B&O,Beolit,439.0,329.0,208 h Fonctionnement sur batterie,110.0,25.06
26.12.2022,Logitech,G,185.0,139.0,G915 TKLCH Sans filCH,46.0,24.86
